newsID,title,content
116740,प्रि ओपन सेसन अपडेटः साढे २ अंक बढ्यो नेप्से,
116733,"ब्याज आम्दानीसँगै घट्यो निफ्राको नाफा, वितरणयोग्य मुनाफा भने बढ्यो",
116731,नेप्सेको बढाई अनुसारको भोल्युम पर्याप्त छ ? के भन्छन् विश्लेषक?,
116729,बजारबाट कमाउन चार गुणा बढी  टार्गेट राख्नु पर्छ,
116727,"मार्जिन सेवा खुला गरिए पनि ब्रोकरले सेवा नदिने, तत्काल बोर्डले केही व्यवस्था गर्नै पर्ने सर्त, बोर्ड छलफलमा",
116722,नेप्से र कारोबार रकम दुबै उच्च बढ्यो,
116721,"दीपेन्द्र अग्रवाल पक्राउ तर  पक्राउ पुर्जी जारी भएका अग्रवालकी श्रीमती, दिदी र चार ब्रोकर अझै फरार",
116705,प्रि ओपन सेसन अपडेटः करिब साढे २ अंक बढ्यो नेप्से,
116694,तोडिएला त अघिल्लो ‘अल टाइम हाइ’को रेकर्ड ?,
116690,"अपरेटर पक्राउ पर्दा शेयर बजार उत्साहित, अपरेटरले चलाएका कम्पनीको शेयरमा भने पहिरो, तर केही कम्पनी आजै बौरिन खोजे",
116691,"नेप्सेले अबरोध क्षेत्र परिक्षण गर्दै, बजारले बुललाई निरन्तरता दिने पक्का",
116692,"दीपेन्द्र अग्रवाल पक्राउ पर्नुको कारण यस्तो रहेछ, ब्रोकर र अग्रवाल बीच उधारो सेटलमेन्टको पुरानै लफडा",
116688,"निरन्तर पाँचौ कारोबार दिन बढ्यो नेप्से, कारोबार रकम भने घट्यो",
116675,प्रि ओपन सेसन अपडेटः करिब साढे ३ अंक बढ्यो नेप्से,
116667,"गत आर्थिक वर्ष कारोबार रकम, बजार पूँजीकरण र पूँजीगत लाभकर उठ्तीमा समेत रेकर्ड ब्रेक, सूचकले कहिले गर्ला ?",
116666,अन्तिममा किन आयो बजारमा सप्लाई ?,
116663,"नेप्सेमा अन्तिम समयमा करेक्सन, कारोबार रकम २१ अर्बभन्दा बढी",
116655,शिवश्री हाइड्रोपावर र सिटी होटललाई हकप्रद शेयर जारी गर्न बोर्डबाट स्वीकृत,
116648,प्रि ओपन सेसन अपडेटः करिब ८ अंक बढ्यो नेप्से,
116628,"सेबोनबाट हमाल हटेपछि प्रिमियममा आइपीओ निष्काशन ठप्प, १२ कम्पनी पाइपलाइनमै",
116632,"गत साता ५ प्रतिशत बढेको नेप्से, यस साता के होला?",
116617,'शेयर बजारका दुई पैया बैंक र हाइड्रोपावरसँगै बढेकाले यो बुल दीगो हुन्छ',
116614,"सातामा ५ प्रतिशत बढ्यो नेप्से, कुन उपसमूहको परिसूचक कति बढ्यो?",
116600,"आर्थिक वर्षको पहिलो दिन नै बुलिस भयो बजार, के भन्छन् त लगानीकर्ता ?",
116598,'बुलको अवधि अझै धेरै रहने सम्भावना बढेको छ',
116591,"उच्च अंक बढ्यो नेप्से, कारोबार रकम करिब ११ महिनायताकै उच्च",
116584,"नेप्सेले 'अड लट' आदेश देखिने बनायो, तर टिएमएसमा अझै देखिँदैन, कहाँ देखिन्छ ?",
116580,एक घण्टामा ४ अर्बभन्दा बढीको शेयर कारोबार,
116574,प्रि ओपन सेसन अपडेटः साढे २ अंक बढ्यो नेप्से,
116559,मुद्रा स्फीतिकै हाराहारीमा निक्षेपको ब्याजदर झरेपछि अनौपचारिक अर्थतन्त्र र शेयर बजारमा पैसा गएर बबल हुने खतरा बढ्यो,
116558,"शेयर बजार राम्रै भयो यो आर्थिक वर्ष, अबको वर्ष झनै 'बुम बुम'",
116554,हिमस्टार ऊर्जाको शेयर बाँडफाँट,
116548,'ब्याजदरको समस्याले लघुवित्तमा समस्या भएकाे हो भनेर भन्न मिल्दैन',
116551,नेप्से र कारोबार रकम दुबै करिब साढे ४ महिनायताकै उच्च,
116539,प्रि ओपन सेसन अपडेटः सामान्य अंक घट्यो नेप्से,
116532,वाणिज्य बैंकहरुको ब्याजदर घट्यो,
116520,'लाभांश पुनरावलोकन गर्ने नीतिले लघुवित्तको नाफा बढाउन प्रोत्साहन गर्छ',
116516,"चालु आर्थिक वर्ष दोस्रो बजारबाट ६१ अर्ब पूँजी सङ्कलन, सबैभन्दा बढी सामूहिक लगानी कोषलाई निष्कासन अनुमति",
116511,नेप्सेसँगै बढ्यो कारोबार रकम,
116495,प्रि ओपन सेसन अपडेटः झिनो अंक घट्यो नेप्से,
116486,लघुवित्तको १५ प्रतिशतभन्दा बढी लाभांश दिने व्यवस्था पुनरावलोकन हुँदा यी लघुवित्तमा आउन सक्छ बहार,
116478,"मौद्रिक नीतिः शेयर बजारको लागि ‘माछा माछा भ्यागुतो‘, पहिलाे दिन जति बढ्यो त्यो भन्दा बढी भोलिपल्टै घट्यो",
116483,शेयर बजारमा हरियाली छाउन साउन नै कुर्नु पर्ने हाे?,
116485,धितोपत्र ब्रोकर कम्पनीले चुक्ता पूँजी पुर्‍याउनु पर्ने समय ९ महिना थपियो,
116473,नेप्से र कारोबार रकम दुबै घट्यो,
116464,एनआरएन इन्फ्रास्ट्रक्चरले वर्णबास म्यूजियम होटलमा लगानी गर्दै,
116461,प्रि ओपन सेसन अपडेटः १ अंक बढ्यो नेप्से,
116448,"मौद्रिक नीतिको उत्साह बजारमा देखियाे, निरन्तरता हाेला त ?",
116437,"निरन्तर तेस्रो कारोबार दिन बढ्यो नेप्से, कारोबार रकम पनि बढ्यो",
116425,विकाश हाईड्रोपावरको आईपीओ बाँडफाँट,
116421,प्रि ओपन सेसन अपडेटः साढे ३५ अंक भन्दा बढी बढ्यो नेप्से,
116390,'मौद्रिक नीतिको उत्साहले असार मसान्तको दवाव ओझेल पार्यो',
116407,"सातामा १ प्रतिशत बढ्यो नेप्से, कुन उपसमूहको परिसूचक कति बढ्यो? कति घट्यो?",
116402,"शेयर बजारका लागि 'सकारात्मक' मौद्रिक नीति, शेयर धितोकर्जाको सीमा बढेकोले पनि ठूलो राहत दिने लगानीकर्ताहरुकाे भनाइ",
116396,लघुवित्तले १५ प्रतिशतभन्दा बढी लाभांश दिने व्यवस्थालाई राष्ट्र बैंकले पुनरावलोकन गर्ने,
116365,"राष्ट्र बैंक सञ्चालक समिति बैठक बस्दै, असल बैंकहरुलाई स्वनियमनमा  राखिने",
116355,"क्यास पेमेन्ट गर्नेलाई मात्रै लिमिट, ब्रोकर कम्पनीले एकाएक किन गरे लिमिट टाईट ?  कारण यस्तो",
116362,बुलमा ब्रोकरको लिमिटबाट कमाउन सकिंदैन,
116361,"नयाँ स्टक एक्सचेन्जका लागि कतैबाट राेकटाेक छैन,कानुनी पक्षहरु सबै स्पष्ट छ: सेवाेन अध्यक्ष श्रेष्ठले समितिमा दिएकाे मन्तव्यकाे पूर्ण पाठ",
116360,हिम स्टारको आईपीओमा बिहीवारसम्म कति पर्यो आवेदन ?,
116353,"नेप्सेले दियो वृद्धिलाई निरन्तरता, कारोबार रकम पनि बढ्यो",
116354,"हाइड्रो, होटलहरु आइपीओ जारी गरेर सहकारी जस्तै भाग्ने खतरा छ : स्वर्णिम वाग्ले, अर्थ समितिमा कसले के भने ?",
116352,लेखा र अर्थ समितिको दुईथरी निर्देशनले धितोपत्र बोर्ड अन्यौलमा छ:  सन्तोषनारायण श्रेष्ठ,
116337,प्रि ओपन सेसन अपडेटः ३ अंक बढ्यो नेप्से,
116328,यस पटकको बुल हाईड्रोकै नेतृत्वमा हुने सम्भावना धेरै देखिन्छ,
116327,लगातार आरओई घट्दा पनि बैंकबाट किन 'एक्जिट' भइरहेका छैनन् संस्थापक ? कारण हेर्नुहाेस्,
116329,बजार नजिकबाट हेर्ने समय हो !,
116321,"दुई कारोबार दिनको गिरावटपछि पुनः बढ्यो नेप्से, कारोबार रकममा पनि वृद्धि",
116303,प्रि ओपन सेसन अपडेटः साढे ४ अंक घट्यो नेप्से,
116281,"ऋण लिएर शेयर किन्ने क्रम थप बढ्यो, तर शेयर बजारमा प्रभाव निक्कै कम, ऋण बढे अनुसार किन बढ्न सकेन बजार",
116284,मौद्रिक नीति आम लगानीकर्ताको हृदयमा बस्ने हुनुपर्छ,
116278,"नेप्से करिब स्थिर, कारोबार रकम भने घट्यो",
116257,प्रि ओपन सेसन अपडेटः सामान्य अंक घट्यो नेप्से,
116237,"शेयर बजारमा असार मसान्तको भन्दा बढी प्रेसर ब्रोकर कम्पनीको, जलविद्युतको भोल्युम ‘ड्राइ’ हुने क्रम सोमबार पनि रोकिएन",
116236,मसान्त नजिक नाफा बुक गर्दा बजारमा करेक्सन,
116232,"वैदेशिक राेजगारीका लागि आइपिओमा निवेदन दिने समय छोट्टियो, बैंक तथा वित्तीय संस्थालाई अग्राधिकार शेयर निष्कासन गर्न बाटो खुला",
116231,६ कारोबार दिनको वृद्धिपछि नेप्सेमा करेक्सन,
116219,प्रि ओपन सेसन अपडेटः ९ अंक बढ्यो नेप्से,
116205,दुई वर्षअघि संशोधनको लागि पठाएको २ विनियमावली अझै नेप्सेमा फर्किएनन्,
116212,प्रभु महालक्ष्मी लाइफ इन्स्याेरेन्सको बोनस सेयर सूचीकृत,
116211,हिमालयन बैंकलाई एफपीओ निष्काशन गर्न सेबोनको अनुमति,
116210,सिप्ला सेक्युरिटिजलाई कारवाही,
116209,"२१ लाखभन्दा बढीले भरे विकास हाइड्रोपावरको शेयर, २ लाख ९४ हजार २७६ ले मात्रै पाउँछ शेयर",
116207,"नेप्सेमा निरन्तरको वृद्धि, समूहगत रणनीतिमा लगानीकर्ता",
116200,अघिल्लाे सातादेखि बढ्न सुरु गरेकाे नेप्से यस साताको पहिलो कारोबार दिन पनि बढ्यो,
116184,प्रि ओपन सेसन अपडेटः ४ अंकले बढ्यो नेप्से,
116171,"गत साता ४ प्रतिशतभन्दा बढी बढेको नेप्से, यस साता के होला?",
116166,"हाइड्रोपावर समूहबाट निस्कँदै लगानीकर्ता, कुन सेक्टरमा बढाउँदैछन् लगानी ? तथ्यांक यस्तो छ",
116162,"'बुलको सुरुवात भएको छ,अहिले शेयर किन्न डराउनेले पछि महँगोमा किन्नु पर्ने दिन आउँछ'",
116146,"सातामा ४ प्रतिशतभन्दा बढी बढ्यो नेप्से, कुन उपसमूहको परिसूचक कति बढ्यो?",
116158,पूँजी बजारको विकास भयो भने बैंकको मनोपोली हट्छ: पूर्वकार्यकारी निर्देशक श्रेष्ठसँगकाे अन्तर्वार्ता,
116141,बोर्डले दियो बन्दिपुर केबल कारलाई आईपीओ निष्काशनको अनुमति,
116126,"आइतबार किनेको शेयर मंगलबार नै बेच्न मिल्छ, तर यो सुविधा नयाँ टिएमएसमा मात्रै, बेच्न पाउनु ठिक कि बेठिक ?",
116132,७२ घण्टा होइन ७२ महिना हेरेर लगानी गराैं,
116130,"विकास हाइड्रोपावरको आइपीओ ११ लाखभन्दा बढीको आवेदन, मागभन्दा ४.६ गुणा बढी आवेदन",
116131,एसियन लाइफ इन्सुरेन्सको सेयर मूल्य समायोजन,
116120,साढे २ महिनापछि २७०० विन्दुमाथि नेप्से,
116079,'गत वर्षको यसै समयमा बजारमा र्याली आएको थियो',
116101,प्रि ओपन सेसन अपडेटः करिब साढे ५ अंक बढ्यो नेप्से,
116090,"न्याभ भन्दा ५ देखि १५ प्रतिशतसम्म डिस्काउन्टमा कारोबार हुँदै म्युचुअल फन्डका इकाईहरु, अहिले किन्नेले नगद लाभांश समेत पाउन सक्ने",
116084,मौद्रिक नीति सार्वजनिक हुने मिति नजिकिदै जादा बजारमा बढ्न थाल्यो 'चार्म',
116088,विकास हाइड्रोपावरकाे पहिलाे दिनमै मागभन्दा बढी आवेदन,
116082,"चार दिनमा शेयर बजारले सेन्चुरी मार्‍यो, तल्लो बिन्दुबाट ३% को वृद्धि, के यो बुलको संकेत हो ?",
116085,युनाइटेड अजोड इन्स्याेरेन्सकाे सेयर मूल्य समायोजन,
116078,नेप्से र कारोबार रकम दुबै बढ्यो,
116054,प्रि ओपन सेसन अपडेटः साढे ७ अंक बढ्यो नेप्से,
116037,"सीमित कार्य गर्ने ब्रोकरले मार्जिन सेवा दिन पाउने, नियम संशोधन हुँदै, पूँजी बढाउने समय ९ महिना थप",
116043,प्राविधिक विश्लेषणको दृष्टिकोणबाट बजार हेर्दा !,
116034,"निरन्तर तेस्रो कारोबार दिन बढ्यो नेप्से, कारोबार रकम पनि सामान्य बढ्यो",
116008,आइपीओमा ९० रुपैयाँभन्दा बढीको नेटवर्थ खोज्ने सेबोनले हकप्रदमा भने ७० भन्दा कमलाई धमाधम अनुमति,
116024,प्रि ओपन सेसन अपडेटः साढे १ अंक बढ्यो नेप्से,
116004,चालु वर्षको लाभांश कुन कम्पनीले पचाए कुनले पचाएनन् ? पचाउने भन्दा नपचाउने बढी (हेर्नुहोस् सूची),
116007,बजार बढ्ने आधार कस्तो बन्दैछ ?,
116003,"नेप्सेले दियो वृद्धिलाई निरन्तरता, कारोबार रकम भने घट्यो",
115985,प्रि ओपन सेसन अपडेटः साढे ५ अंक बढ्यो नेप्से,
115972,मध्य असारमा बैंक चल्नुको संकेत के होला ?,
115967,"तीन कारोबार दिनको गिरावट पछि बढ्यो नेप्से, कारोबार रकम भने घट्यो",
115957,प्रि ओपन सेसन अपडेटः करिब १ अंक घट्यो नेप्से,
115948,"गत साता करिब साढे १ प्रतिशत घटेको नेप्से, यस साता के होला?",
115938,"'गभर्नर आफै  धितोपत्र बजारको राम्रो लगानीकर्ता हुनुहुँदोरहेछ, बजारको मर्म बुझ्नु भएको छ'",
115921,"बल्ल खुल्ने भयो सम्पत्ति व्यवस्थापन कम्पनी, राष्ट्र बैंकले तयार पार्‍यो सम्पत्ति व्यवस्थापन ऐनको मस्यौदा",
115926,"सातामा करिब साढे १ प्रतिशत घट्यो नेप्से, कुन उपसमूहको परिसूचक कति बढ्यो? कति घट्यो?",
115918,"वैदेशिक रोजगारीको आइपिओ आवेदन दिने समय घटाइँदै, अब यति दिन सम्ममा आवेदन दिइसक्नु पर्ने",
115900,बजारका नसुल्झिएका गुत्थीहरु के छन?,
115895,"सामान्य अंक घट्यो नेप्से, कारोबार रकम भने बढ्यो",
115887,प्रि ओपन सेसन अपडेटः झिनो अंक घट्यो नेप्से,
115872,"गभर्नर पाैडेलकाे शेयरमा मात्रै आजको मूल्य अनुसार २८ करोड, अर्बपति क्लबमा उक्लिएकै हुन ?",
115871,शेयर बजार सधै एउटै प्याटर्नमा चल्दैन !,
115865,"'बजार जसरी ढलेको छ, त्यसैगरी उठ्नको लागि समय लाग्छ'",
115867,"निरन्तर दोस्रो कारोबार दिन नेप्से करिब स्थिर, कारोबार रकम भने सामान्य बढ्यो",
115849,प्रि ओपन सेसन अपडेटः झिनो अंक बढ्यो नेप्से,
115834,बजारमा नीतिगत सुधारले मात्रै हुँदैन लगानीकर्ता पनि सुध्रनु पर्छ,
115833,"शेयर बजारप्रति गभर्नर पोजेटिभ तर बजार भने नेगेटिभ, लगानीकर्तासँगको भेटमा गभर्नरले के भनेका थिए ?",
115828,"नेप्से करिब स्थिर, कारोबार रकम भने घट्यो",
115811,प्रि ओपन सेसन अपडेटः साढे २ अंक बढ्यो नेप्से,
115797,पुनर्संरचनाको कार्ययोजना पेस गर्न निर्देशन दिएको धितोपत्र बोर्डलाई नेप्सेले दियो यस्तो जवाफ,
115796,अहिले धैर्य गर्नेले पछि पछुताउनु पर्दैन !,
115792,"सामान्य अंक बढ्यो नेप्से, कारोबार रकम भने घट्यो",
115775,प्रि ओपन सेसन अपडेटः साढे २ अंक बढ्यो नेप्से,
115750,बजारमा असार मसान्तको दवाव परेकै हो ?,
115755,"लगानीकर्ताले भेटे गभर्नरलाई, पूँजी बजारमा लगाइएको नीतिगत वाधा फुकाउन माग",
115748,निरन्तर चौथो कारोबार दिन घटेर २६०० विन्दुभन्दा तल झर्याे नेप्से,
115730,प्रि ओपन सेसन अपडेटः सामान्य अंक घट्यो नेप्से,
115719,"गत साता १ प्रतिशत घटेको नेप्से, यस साता के होला?",
115705,'अहिले कम्पनीको प्रतिफल वितरण गर्न सक्ने क्षमता हेरेर लगानी गर्ने समय हाे',
115695,"सातामा १ प्रतिशत घट्यो नेप्से, कुन उपसमूहको परिसूचक कति बढ्यो? कति घट्यो?",
115711,"लगानीकर्ताले उठाए T+1 सेटलमेन्टको माग, सिडिएससी भन्छ-'सम्भव छ', ब्रोकर कम्पनी भन्छन् ‘अहिले आवश्यक छैन’",
115712,"शेयर ब्रोकर एसोसिएसनले दियो धितोपत्र बोर्डलाई १६ बुँदे सुझाव, के के छन् सुझाव",
115676,"'समग्र आर्थिक सूचक सकारात्मक छन्, नेप्से बढ्ने नै हो'",
115675,"एनआरएनको शेयर निष्कासन गर्न सरकार, उद्योग मन्त्रालय र राष्ट्र बैंकले नियम संशोधन गरे, अब पालाे बोर्डको",
115679,"स्वस्तिक लघुवित्तलाई आइपिओ बिक्री गर्न धितोपत्र बोर्डको अनुमति, चालु वर्ष अनुमति पाउने १२औँ संस्था",
115672,"नेप्सेले दियो गिरावटलाई निरन्तरता, कारोबार रकम भने बढ्यो",
115635,"'साउनदेखि बजार राम्रो हुने सम्भावना छ, लगानीकर्ताले कमाउने समय पनि यही हो'",
115643,"जीएमएलआई, एनएमआईसी, क्रेस्ट र ओएमपीएलको शेयर मूल्य २ हजार पुगेपछि मात्रै सप्लाई आयो, पियोरको सवालमा के होला ?",
115660,युनाइटेड अजोड इन्स्योरेन्सको लाभांश घोषणा,
115659,प्रि ओपन सेसन अपडेटः साढे २ अंक घट्यो नेप्से,
115639,"जेठ महिना ट्रेडरले बेस्सरी कमाए, सरकार पनि नाफामा, सिजन सुरु हुँदै गर्दा असार थप फलदायी होला ?",
115640,शक्ति संञ्चित गर्दै बजार !,
115633,"झिनो अंक घट्यो नेप्से, कारोबार रकम भने बढ्यो",
115619,प्रि ओपन सेसन अपडेटः सामान्य अंक घट्यो नेप्से,
115607,"बजार साइडवेजमा हुँदा पनि ४५ प्रतिशतसम्म कमाए हाइड्रोका लगानीकर्ताले, कसले कति कमाए र गुमाए? (सूचीसहित)",
115609,'बैंकका शेयर होल्डरहरु आईसीयूमा छन्',
115600,लघुवित्त कम्पनीहरुमा सिफ्ट हुँदै लगानीकर्ता,
115589,प्रि ओपन सेसन अपडेटः सामान्य अंक बढ्यो नेप्से,
115583,क्लियरिङ्ग र सेटलमेन्ट प्रक्रियामा समयसीमा छोट्याउने कार्य गर्न लगानीकर्ताको सुझाव,
115571,"नेप्से अध्यक्षविहीन, टिके अध्यक्ष बहिस्कार गर्दै नेप्सेले आफै अध्यक्ष चयन गर्न सक्छ ?",
115572,"अनेक फण्डाले नेप्सेमा हाइड्रोपावरको 'सधै राज', कुल रकमको ठूलो हिस्सा हाइड्रोमै खन्याउँदै",
115570,"समूहगत रणनीति बन्दै, अब सम्भावना कुन समूहको ?",
115564,होटल तथा पर्यटन उपसमूहका कम्पनीमा लगानीकर्ताको आकर्षण,
115551,प्रि ओपन सेसन अपडेटः साढे ३ अंक घट्यो नेप्से,
115534,"जलविद्युत क्षेत्रको शेयरमा एकोहोरिँदै लगानीकर्ता, ७० प्रतिशत कारोबार जलविद्युतको मात्रै",
115528,"होल्डिङ कम्पनीमा आकषर्ण, कसरी बन्दैछ रणनीति ?",
115523,"झिनाे अंक बढ्यो नेप्से, कारोबार रकम भने घट्यो",
115488,कुन कुन हाइड्रोपावर होल्ड गरिरहेका छन् म्युचुअल फन्डले ? सूचीसहित,
115508,प्रि ओपन सेसन अपडेटः करिब १ अंक घट्यो नेप्से,
115497,"गत साता सामान्य अंक बढेको नेप्से, यस साता के होला?",
115494,"‘पर्ख र हेर’ को अवस्थामा सानिमा बैंक, हेरौँ कम्पनी विश्लेषण",
115495,"वाणिज्य बैंकहरुको ब्याजदर फेरि घट्यो, कुनै बैंकको ब्याजदर कति?",
115479,"'साउन-भदौमा सिजनल कारोबारी बजारमा प्रवेश गर्छन, अहिले पनि बजारमा त्यस्तै संकेत देखिन थालेको छ'",
115470,"सातामा सामान्य अंक बढ्यो नेप्से, कुन उपसमूहको परिसूचक कति बढ्यो? कति घट्यो?",
115481,"९० भन्दा कम नेटवर्थको विषयमा दुई समितिको फरक मत, धितोपत्र बोर्ड सेफ ल्यान्डिङ गर्न खोज्दै, ऊर्जा व्यवसायीलाई राहत",
115455,"'उधारो कारोबार समस्या होइन, व्यवस्थित भने गर्नुपर्छ'",
115446,"नेप्सेले दियो गिरावटलाई निरन्तरता, कारोबार रकम भने बढ्यो",
115431,प्रि ओपन सेसन अपडेटः करिब १ अंक बढ्यो नेप्से,
115414,'बजार उच्च विन्दुमा हुँदा शेयर भिडाउने र न्यून विन्दुमा शेयर खोस्नेसँग जोगिन सक्नुपर्छ',
115419,"‘लक इन पिरियड’ खुल्न लागेका हाइड्रोपावरमा संस्थापक लगानी गर्ने कम्पनीमा लगानीकर्ताको आकर्षण, कुन हाइड्रोपावरमा कसको लगानी कति ?",
115418,"लामो समयदेखि बुढा कम्पनी भनेर हेपिएका जलविद्युत कम्पनीमा एकाएक चमक, के यसरी बढ्नु ठीक हो ?",
115417,"सूचक घट्बढ्सँग सरोकार छैन, बजार बढ्ने नै हो !",
115415,दुई दिनको वृद्धिपछि पुनः घट्यो नेप्से,
115398,अभियान लघुवित्तले लाभांश वितरण नगर्ने,
115398,अभियान लघुवित्तले लाभांश वितरण नगर्ने,
115397,प्रि ओपन सेसन अपडेटः सामान्य अंक घट्यो नेप्से,
115386,शिवाकोटी प्रतिवेदनले नेप्से पुनर्संरचना र नयाँ स्टक एक्स्चेन्ज खाेल्नका लागि दिएका मुख्य सुझावहरू यस्ता छन्,
115384,अब बजार बढ्ने नै हो !,
115383,"धितोपत्र बोर्डले सार्वजनिक गर्‍यो चिन्तामणि सिवाकोटीको अध्ययन प्रतिवेदन, निष्कर्ष नयाँ स्टक लाइसेन्स र नेप्सेको पुनर्संरचनामा",
115372,नेप्सेसँगै बढ्यो कारोबार रकम,
115358,प्रि ओपन सेसन अपडेटः १ अंक बढ्यो नेप्से,
115344,हाइड्रोपावर कम्पनीमै लगानीकर्ताको आकर्षण किन ?,
115341,एनआरएन फण्डको प्राथमिक निष्कासनमा संस्थापक र पब्लिकको हिस्सा कति हुने भन्ने गाँठो सेवोनले नफुकाइदिँदा आईपीओ नै अड्कियो,
115345,जोशी हाइड्रोले ६५ प्रतिशत हकप्रद शेयर निष्कासनका लागि अनुमति पायाे,
115343,"हाईड्रोमा चमक देखियाे, नेप्से बढ्ने सुर हो ?",
115336,जलविद्युत र अन्य उपसमूहका कम्पनीहरुमा लगानीकर्ताहरुको आकर्षण,
115310,नेप्से पुनर्संरचनाको कार्य योजना पेश गर्न बोर्डको निर्देशन आएपछि के गर्दै छ नेप्से ?,
115326,प्रि ओपन सेसन अपडेटः सामान्य अंक घट्यो नेप्से,
115313,‘लो क्याप’ बाट 'डिभिडेन्ट यिल्ड' कम्पनीमा सिफ्ट भएका हुन त लगानीकर्ता ?,
115308,लगानीकर्ताको रोजाईमा प्रतिफल दिने कम्पनी,
115305,"नेप्से घट्ने क्रम जारी, कारोबार रकममा भने वृद्धि",
115300,पुँजी बजारमा नयाँ उपकरण ल्याउन अर्थमन्त्री पौडेलकाे बाेर्डलाई सुझाव,
115290,समाज लघुवित्त मर्जर गर्न राष्ट्र बैंकको सैद्धान्तिक सहमति,
115289,प्रि ओपन सेसन अपडेटः साढे १ अंक घट्यो नेप्से,
115278,"गत साता करिब २ प्रतिशत घटेको नेप्से, यस साता के होला?",
115269,'कर्जा लिएर भएपनि शेयर बजारमा लगानी गरियो भने अहिलेको ब्याजदर भन्दा बढी लाभ गर्न सकिन्छ',
115263,"सातामा करिब २ प्रतिशत घट्यो नेप्से, कुन उपसमूहको परिसूचक कति बढ्यो? कति घट्यो?",
115268,"लगानीकर्ताका तीन संस्थाका प्रतिनिधिले नेप्सेका सीइओलाई दिए ज्ञापन, प्राविधिक आधुनिकीकरण र संस्थागत सुशासनमा जाेड",
115247,हकप्रद जारी गर्न पिपुल्स पावर कम्पनीको बुकक्लोज मिति तय,
115230,"नेप्सेमा सूचीकृत कम्पनी मध्ये करिब १६ प्रतिशत कम्पनीको नेटवर्थ ९० भन्दा मुनि, सबैभन्दा कम ४ सम्म (सूचीसहित)",
115234,लगानीकर्ता बाफियासँग डराउनु पर्दैन,
115185,'एक-दुई दिनको उतार चढाबले लगानीकर्ता डराइहाल्नु पर्ने अवस्था छैन',
115228,"निरन्तर तेस्रो कारोबार दिन घट्यो नेप्से, कारोबार रकम भने बढ्यो",
115215,नेप्सेकाे पुनर्संरचना र नयाँ स्टक एक्सचेञ्जको लाइसेन्स प्रक्रियाले उठाएकाे गम्भीर प्रश्नः रविन कँडेलकाे विचार,
115209,प्रि ओपन सेसन अपडेटः नेप्से ३ अंक बढीले घट्यो,
115202,हकप्रद निष्काशन प्रयोजनार्थ नेपाल इन्स्योरेन्सले तोक्यो बुकक्लोज मिति,
115193,"नयाँ स्टक एक्सचेन्जको लाइसेन्स बाँड्ने विषयमा सरकार एकातिर, शिवाकाेटी प्रतिवेदनलाई देखाउँदै बाेर्ड अध्यक्ष श्रेष्ठ अर्कोतिर",
115191,"ब्रोकरको पैसा नचलाउनुस, किन ?",
115188,"नेप्सेले दियो गिरावटलाई निरन्तरता, कारोबार रकम पनि घट्यो",
115175,प्रि ओपन सेसन अपडेटः करिब साढे १ अंक बढ्यो नेप्से,
115153,"बैंक र व्यवसायी छुट्टाउने विषयले शेयर बजार तरङ्गित, बैंक वित्तीय संस्थाको शेयरमा प्रेसर",
115158,साेमबारकाे बजार घट्नुमा बाफियाबारे गभर्नर पाैडेलकाे बाेली नै हाे त ?,
115157,दरमखोला हाइड्रो इनर्जी लिमिटेडले पायो आइपीओ निष्कासनको अनुमति,
115155,मंगलबार सबैभन्दा बढी कारोबार गरेका यी हुन टप फाइभ हाइड्रोपावर कम्पनीहरु,
115152,नेप्सेसँगै घट्यो कारोबार रकम,
115141,प्रि ओपन सेसन अपडेटः सामान्य अंक घट्यो नेप्से,
115137,लाभांश पारित गर्न हिमालयन लाइफ इन्स्योरेन्सको साधारण सभा आह्वान,
115124,"होटललाई उद्योग सरह मान्यता दिएपछि लगानीकर्ता होटलको शेयरप्रति आकर्षित, कस्ता छन् सूचीकृत कम्पनीहरु ?",
115122,"बजेटको उत्साहः बजारमा देखिएन, किन ?",
115118,"बजेटपछिको पहिलो कारोबार दिन ९ अर्बभन्दा बढीको कारोबार, सूचक भने सामान्य अंक बढ्यो",
115099,"बलियो बन्दै लगानीकर्ताको मनोभावना, बजारमा सकारात्मक माहोल निर्माण हुँदै",
115102,प्रि ओपन सेसन अपडेटः करिब २३ अंक बढ्यो नेप्से,
115084,"गत साता सामान्य अंक बढेको नेप्से, यस साता के होला?",
115086,रवि लामिछानेका कारण शेयर बजारमा लगानी गर्न हच्किएका एनआरएनको विश्वास फर्काउन सरकारले तुरुन्तै यस्तो निर्देशन दिनु पर्छ,
115079,बजेटको नयाँ व्यवस्थाले सूचीकृत लगानी कम्पनीहरुलाई के फाईदा ?,
114930,पुँजी लाभ कर:  विश्वका देशहरूले सेयर बजार नाफामा कसरी कर लगाउँछन्  र नेपालले के सिक्न सक्छ ?,
114931,"ऊर्जा व्यवसायी अख्तियारको निर्णय पर्खिँदै, अनुकूल निर्णय नआए सरकार र धितोपत्र बोर्ड विरुद्ध अदालत जाने तयारी",
115054,"हल्ला भए जस्तो लाभकरको दर बढेन, तर सरकारले शेयर बजारमा तिरेको करलाई यस पटक पनि अन्तिम भने मानेन",
115044,"सातामा सामान्य अंक बढ्यो नेप्से, कुन उपसमूहको परिसूचक कति बढ्यो? कति घट्यो?",
115058,"'पूँजीगत लाभकर बढ्छ भन्दै बजारलाई आंतकित बनाउने बिषय आइदिएन, त्यसले नै सबै भन्दा ठूलो गुन लगाएको छ'",
115028,"बजेट शेयर बजार मैत्री, बजार बढ्नेमा लगानीकर्ता आशावादी",
115025,"सूचीकृत इन्भेष्टमेन्ट कम्पनी सरकारको प्राथमिकतामा, प्राइभेट इक्विटी र भेन्चर्स क्यापिटललाई प्रोत्साहन",
115020,"बजेट निजी क्षेत्र मैत्री रहेको व्यवसायीको प्रतिक्रिया, कार्यान्वयनमा गरे आशङ्का",
114934,बजेट आउने अघिल्लाे दिन किन भयो सूचकमा वृद्धि,
114928,"बजेटकाे अघिल्लाे दिन नेप्से बढ्यो दोहोरो अंकले, एकाएक वाणिज्य बैंकहरुकाे शेयर मूल्य किन बढ्याे ?",
114926,'हल्लाको कुरा सुनेर हतार गर्नु भन्दा केही दिन पर्खन उचित हुन्छ',
114919,प्रि ओपन सेसनमा नेप्से परिसूचक सामान्य घट्यो,
114918,हिमालयन लाइफ इन्स्योरेन्सको लाभांश घोषणा,
114914,सगरमाथा जलविद्युतको हकप्रद विद्युत नियमन आयोगबाट स्वीकृत,
114912,"बरुण हाईड्रोपावरको बुक क्लोज मिति तय, कहिलेसम्म कायम शेयरधनीले हकप्रद खरिदगर्न सक्ने ?",
114908,एशियन लाइफ इन्स्योरेन्सको हकप्रद सुरक्षित गर्ने आज अन्तिम दिन,
114906,राप्ती हाइड्रोको हकप्रद शेयरमा कहिलेदेखि आवेदन गर्न सकिन्छ ?,
114896,"किन बढ्न मानिरहेको छैन शेयर बजार, अझै किन छ ‘पर्खर र हेर’कै अवस्था",
114897,सान्भि इनर्जीमा माग भन्दा १०.७१ गुणा शेयर माग,
114889,"ओम मेगाश्री र पिओर इनर्जीको संस्थापक शेयर अझै खातामा गएन, छुट्टाछुट्टै सिम्बोलको लफडामा सिडिएससीलाई गलाउन खोज्दै नेप्से",
114892,शेयर बजारमा पुँजीगत लाभकर नै अन्तिम कर हुनुपर्छ,
114894,"कान्तिपुर फर्मास्यूटिकल्सको आईपीओ आउँदै, एलिट क्यापिटलसँग सम्झौता",
114885,"नेप्से सामान्य बढ्यो, कारोबार रकममा निरन्तरको गिरावट",
114871,प्रि ओपन सेसनमा नेप्से परिसूचक सामान्य घट्यो,
114870,पूँजी बजारमा फेरि लाभकर आतंक किन ?,
114868,स्पेशल प्रि ओपन सेसनमा पियोर इनर्जीको कतिमा भयो पहिलो कारोबार ?,
114858,सान्भि इनर्जीको आईपीओमा आवेदन दिने आज अन्तिम दिन,
114848,"राष्ट्र बैंकको ओखतीले  काम गरेन,परिवर्तित  जोखिम भारलाई बजारले गर्‍यो रिजेक्ट ? के लगानीकर्ताले बजेट नै कुरेका हुन् ?",
114850,बजारले राष्ट्र बैंकको सकारात्मक कदमलाई किन गरेन स्वागत ?,
114851,इन्भेष्टर्स फाेरमले दियाे गभर्नरलाई पूँजी बजार सुधारका तीन सुझाव,
114843,"राष्ट्र बैंकले लचिलाे नीति ल्याउँदा पनि बढेन बजार, नेप्सेसँगै करोबार रकम पनि घट्याे",
114841,"पियोर इनर्जीको आईपीओको शेयर सूचीकृत, ओपनिङ रेन्ज कति ?",
114839,हिम स्टार ऊर्जा कम्पनीलाई आईपीओ निष्काशन गर्न अनुमति,
114830,प्रि ओपन सेसनमा नेप्से परिसूचक ३२.७० बढ्यो,
114829,राष्ट्र बैंकले मौद्रिक समीक्षा मार्फत जाेखिम भार घटाउने निर्णयलाई लगानीकर्ताले गरे स्वागत,
114820,"हरेक पटक लगानीकर्ताले उठाउँदै आएको अन्तिम करको विषय यस पटक सम्बोधन हुने अपेक्षा, यो बजेटले सम्बोधन गर्ला  ?",
114821,अझै लगानीकर्ता किन ढुक्क हुन सकेनन ?,
114818,नेप्से घटेपनि माईक्रोफाइनान्स समूहको परिसूचक सबै भन्दा धेरै बढ्याे,
114808,प्रि ओपन सेसन अपडेटः साढे ४ अंक बढ्यो नेप्से,
114800,"गत साता करिब ३ प्रतिशत बढेको नेप्से, यस साता के होला?",
114755,"गभर्नरले पुँजी बजारको योगदान समग्र अर्थतन्त्रमा पुगोस् भन्ने चाहना राख्नु भएकाे छ,अब बजार प्रभावकारी हुन्छ",
114762,‘इधरका माल उधर’ गरेर बनाएको निर्यात कीर्तिमानमा कति खुसी हुने ? कीर्तिमानको वास्तविकता यस्तो छ,
114779,"'गभर्नर राजनीति व्यक्ति हुँदा हुँदै योग्य व्यक्ति नियुक्ति हुनु भएकाे छ, बजार सुधार हुनेमा आशावादी हुन सकिन्छ'",
114788,"सातामा करिब ३ प्रतिशत बढ्यो नेप्से, कुन उपसमूहको परिसूचक कति बढ्यो? कति घट्यो?",
114791,"सरकारले पूँजी बजारमा ६ महिना देखि १ वर्ष भित्रमा यस्ता परिवर्तन गर्ने योजना बनायो, सम्भव होला ?",
114794,बुद्धिस्ट इन्टरनेशनल ट्राभल मार्ट सुरु: नेपाललाई बौद्ध र आध्यात्मिक पर्यटनको विश्व केन्द्र बनाउने लक्ष्य,
114767,'बुलिस र बियरिस ट्रेण्ड परिवर्तन ! बजारमा नीतिगत स्पष्टता जरुरी छ',
114761,नेप्से बढेपनि कारोबार रकम भने घट्यो,
114724,"'माग भए अनुसारका कागजातहरु पेश भएपछि बोर्डले आईपीओ स्वीकृती गर्छ, त्यसमा कुनै ढिलाई हुँदैन'",
114744,'उतारचढावसँग डराउनु पर्दैन विस्तारै बजार सन्तुलित हुन्छ',
114754,प्रि ओपन सेसन अपडेटः साढे ४ अंक बढ्यो नेप्से,
114741,हकप्रद शेयर जारी गर्न नेपाल इन्स्योरेन्सलाई बोर्डको स्वीकृती,
114740,हिमालयन रि इन्स्योरेन्सको लाभांश सुरक्षित गर्ने आज अन्तिम दिन,
114734,"नयाँ गभर्नरलाई शेयरबजारले देखायो रातो झन्डा, यसअघिका तीन गभर्नरले पदभार ग्रहण गर्दा के भएको थियो बजार ?",
114728,"‘प्रि ओपन’मा मात्तिएको शेयर बजार अन्तिममा किन आत्तियो ? सूचक टुप्पोबाट झण्डै १०० अंक घट्यो, सबै ‘कन्फ्युज’",
114729,बुधवारकाे बजारकाे लय अपेक्षित नै हाे,
114723,"दुई दिनको निरन्तर वृद्धिपछि सामान्य अंक घट्यो नेप्से, कारोबार रकम भने बढ्यो",
114710,नवनियुक्त गभर्नरले गरे सपथ ग्रहण,
114709,हकप्रद शेयर जारी गर्न एसियन लाइफको बुक क्लोज मिति तय,
114705,प्रि ओपन सेसन अपडेटः करिब ३५ अंक बढ्यो नेप्से,
114689,"९० भन्दा कम नेटवर्थ भएका जम्मा १३ कम्पनी, तर अरू कम्पनीले पनि किन निष्कासन अनुमति पाएका छैनन् ?",
114692,नेटवर्थ ९० भन्दा तलकाे कम्पनीले  शेयर जारी गर्न नपाउने हाे ? यसाे भन्छन् सेबाेनका प्रवक्ता  घिमिरे,
114685,केन्द्रीय बैंकले नयाँ गभर्नर पाउने भएपछि ४९ अंकले बढ्याे बजार,
114675,प्रि ओपन सेसन अपडेटः सामान्य अंक घट्यो नेप्से,
114655,"चैतको तुलनामा वैशाखमा पूँजीगत लाभकर ७७% बढ्यो, स्टक डिलरकाे वृद्धि  प्रतिशत सबैभन्दा बढी, संस्थागत लगानीकर्ता दोस्रोमा",
114657,बजार बढ्नुमा कसको कति योगदान ?,
114624,"लघुवित्तको नाफा बढेपछि खराब कर्जा घट्नु पर्ने तर झन झन बढ्यो, कसरी ?",
114651,"६ कारोबार दिनको गिरावट पछि बढ्यो नेप्से, कारोबार रकम भने घट्यो",
114637,प्रि ओपन सेसन अपडेटः करिब साढे २ अंक घट्यो नेप्से,
114623,"सिजनमै शेयर बजार किन सुस्तायो ? लगानीकर्ताका आ-आफ्नै तर्क, सोमबारदेखि भने बढ्ने एकथरिको अनुमान",
114622,निरन्तर घटेको बजारमा नाफा छैन ! कस्तो कारोबार भएको छ ?,
114615,"सामान्य अंक घट्यो नेप्से, कारोबार रकम भने बढ्यो",
114605,प्रि ओपन सेसन अपडेटः साढे ३ अंक घट्यो नेप्से,
114585,दोस्रो बजारमा ब्रोकरले दिने मार्जिन ट्रेडिङ सेवा: आठ वर्षको अन्योल र अन्ततः लाइसेन्स खारेजीको सम्भावना,
114595,"गत साता करिब २ प्रतिशत घटेको नेप्से, यस साता के होला?",
114589,"३५ प्रतिशतले बढ्यो लघुवित्तको नाफा, अध्यक्ष यादव भन्छन्–‘साँवा तिर्न नसकेपनि व्याज भुक्तानी गर्न थालेपछि नाफा बढ्याे’",
114579,"'हर्षद मेहता काण्ड अहिलेको बजारमा दैनिक भएको छ, यस्तो गतिविधि रोक्ने कुनै कानुन बनेको छैन ?'",
114577,"सातामा करिब २ प्रतिशत घट्यो नेप्से, कुन उपसमूहको परिसूचक कति बढ्यो? कति घट्यो?",
114560,लगानी समूहका सात कम्पनीमा कुनको अवस्था कस्तो ?,
114554,"संस्थापक र साधारण शेयरका छुट्टाछुट्टै सिम्बोल बनाउने सिडिएससीको प्रयास, तर नेप्सेको आनाकानी",
114558,'बलियो बजार बनाउन बैंकको लगानी बढ्नै पर्छ',
114553,नेप्से र कारोबार रकम दुबै घट्यो,
114552,उत्पादन तथा प्रशोधन समूहका कम्पनीको अवस्था कस्तो ?,
114539,प्रि ओपन सेसन अपडेटः ३ अंक बढ्यो नेप्से,
114537,लाईफ इन्स्योरेन्स कर्पोरेशनकाे लाभांश घोषणा,
114532,"सर्वोत्तम सिमेन्टको नाफा उल्लेख्य बढ्यो, ईपीएस कति?",
114519,कस्तो बन्धनमा पर्यो बजार ?,
114515,"नेप्सेले दियो गिरावटलाई निरन्तरता, कारोबार रकम पनि घट्यो",
114513,वित्तीय विवरणलाई तराजुमा राखेर हेर्दा होटल तथा पर्यटन समूहका कम्पनीको प्रगति कसकाे कस्तो ?,
114498,प्रि ओपन सेसन अपडेटः करिब १ अंक बढ्यो नेप्से,
114497,नेशनल लाईफ इन्स्योरेन्सको लाभांश घोषणा,
114485,किन बढ्न सकेन बजार ?,
114477,"निरन्तर तेस्रो कारोबार दिन घट्यो नेप्से, कारोबार रकम पनि घट्यो",
114450,व्यवसायिक वृद्धिसँगै सोल्टी होटलको नाफा बढ्यो,
114452,प्रि ओपन सेसन अपडेटः करिब साढे १ अंक बढ्यो नेप्से,
114446,"सिईडिबि होल्डिङग्सको नाफामा उच्च वृद्धि, ईपीएस पनि उल्लेख्य बढ्यो",
114443,मुक्तिनाथ कृषि कम्पनीको नाफा सामान्य बढ्यो,
114437,नाफासँगै बढ्यो एनआरएन इन्फ्रास्ट्रक्चरको प्रतिशेयर आम्दानी,
114424,"बुटवल पावरका तीन जना सञ्चालक न्यादिमा पनि, सञ्चालक हुँदा हुँदै बुटवल पावरले शेयर बिक्री गर्न मिल्छ?",
114394,"सिजन सुरु हुनै लाग्दा शेयर बजार साइडवेजमा, सूचक २६ सयको लाइनमा घुमेको घुम्यै किन गरिरहेको हो ?",
114391,"समूहगत रणनीतिमा लगानीकर्ता, होटलमा बढ्यो आकर्षण",
114384,होटल तथा पर्यटन उपसमूहमा लगानीकर्ताको आकर्षण,
114370,हिमालयन हाईड्रोपावरले हकप्रद जारी गर्न आयोगको पूर्व स्वीकृत लिने,
114366,प्रि ओपन सेसन अपडेटः झिनो अंक घट्यो नेप्से,
114360,एनएलजी इन्स्योरेन्सको लाभांश घोषणा,
114359,एचआईडिसिएलको नाफा र प्रतिशेयर आम्दानी दुबै घट्यो,
114358,नेको इन्स्योरेन्सको लाभांश सुरक्षित गर्ने आज अन्तिम दिन,
114350,नाफा बढेपनि नागरिक लगानी कोषको ईपीएस घट्यो,
114351,"गत साता करिब साढे १ प्रतिशत बढेको नेप्से, यस साता के होला?",
114338,"'एकदिनमा हुने पूँजीगत लाभ वास्तविक होइन, अरुको खोसिएको मात्रै हो'",
114317,"सातामा करिब साढे १ प्रतिशत बढ्यो नेप्से, कुन उपसमूहको परिसूचक कति बढ्यो? कति घट्यो?",
114332,बोर्डका अध्यक्ष श्रेष्ठले जलविद्युत् कम्पनीको अडिट प्रतिवेदनलाई के आधारमा फर्जी भने ? अडिटरले हस्ताक्षर गरेको प्रतिवेदनलाई फर्जी भन्न मिल्छ?,
114303,जलविद्युत् कम्पनीले आफ्ना सहायक कम्पनीको शेयर बिक्री गर्न पाउँछन् कि पाउँदैनन् ? बोर्डका अधिकारीले यसो भने,
114309,रिलायन्सको आईपीओ नरोक्न अदालतको आदेश,
114305,मूल्य बढाउने नीतिले बजार क्र्यास बनाउँछ !,
114299,नेप्से घटेपनि कारोबार रकममा वृद्धि,
114272,"'नेप्सेमा हैन, केही कम्पनी सुपर बुल भइसके'",
114274,किन खन्याउँदैछन् लगानीकर्ताले हाइड्रोपावरमा पैसा ?,
114273,‘‘म फेरि फेल भए ३२ सय कट्न कसैले रोक्न सक्दैन’’,
114268,नेपाल शेयर बजार लगानीकर्ता संघको पहिलो पत्रकार सम्मेलन सम्पन्न,
114267,एक्कासी ६२ अंकले किन बढ्यो शेयर बजार ? यस्ता कारणले बढेको लगानीकर्ताको विश्लेषण,
114262,दुई महिना पछि नेप्सेमा उत्साहजनक वृद्धि,
114221,"अडलट अर्डर देखिने बनाउने नेप्सेको तयारी, अर्डर कहिले देखिने होला ?",
114239,प्रि ओपन सेसन अपडेटः करिब साढे २ अंक बढ्यो नेप्से,
114227,नयाँ लघु बीमा कम्पनीहरु एनएमआईसी र क्रेस्टको मूल्य कतिसम्म पुग्ला ?,
114225,स्मार्ट मनीले अपुर्चुनिटी देखाउँछ !,
114223,"गभर्नर नियुक्तिमा गठबन्धनमा कुनै समस्या छैन, राष्ट्र बैंक भित्रै समस्या छ : देउवा",
114219,सामान्य अंकले बढ्यो नेप्से,
114215,शेयर बजारको वर्तमान परिदृश्यका बारेमा गहन छलफल गरिदै,
114198,प्रि ओपन सेसन अपडेटः करिब २ अंक घट्यो नेप्से,
114189,कालिका लघुवित्तको नाफा उल्लेख्य बढ्यो,
114180,"यता धितोपत्र बोर्डले आईपीओ स्वीकृति नदिने, उता स्थानीयले शेयर नदिएको भन्दै आयोजनाको काम मै अवरोध गर्न थाले",
114181,"नेप्से सूचकले लिएन गति, बजारले के पर्खेको छ ?",
114176,निरन्तर पाँचौ कारोबार दिन घट्यो नेप्से,
114160,प्रि ओपन सेसन अपडेटः २ अंक घट्यो नेप्से,
114146,"पुराना भन्दा नयाँ कम्पनीमा लगानीकर्ताको आकर्षण, २० दिन अपर सर्किट, किन नयाँ कम्पनीमा लगानीकर्ता बढी आकर्षित हुन्छन् ?",
114145,अबको बजार सकारात्मक नै हो !,
114138,"सामान्य अंक घट्यो नेप्से, कारोबार रकममा पनि गिरावट",
114136,शेयर बजारमा मौसमी नीतिको प्रभाव,
114076,"नेप्सेले एसएमइ प्लेटफर्म सम्बन्धी विनियमावलीको  मस्यौदा तयार गर्‍यो, अब स्वीकृत हुन बाँकी, यस्ता छन् नयाँ व्यवस्था ?",
114118,प्रि ओपन सेसन अपडेटः ४ अंक बढ्यो नेप्से,
114108,"गत साता करिब साढे १ प्रतिशत घटेको नेप्से, यस साता के होला?",
114067,"सातामा करिब साढे १ प्रतिशत घट्यो नेप्से, कुन उपसमूहको परिसूचक कति बढ्यो? कति घट्यो?",
114101,शाङ्घाई अटो शो २०२५ मा एक्सपेंगले  ह्युमनॉइड रोबोट ‘आयरन’ सार्वजनिक गर्यो,
114099,"'शेयर बजार अस्थिर नीतिको दवावमा, विशेष नीतिको आवश्यकता'",
114077,तेर्हथुम पावरलाई हकप्रद निष्काशन अनुमति,
114036,ठूलो कित्ताको म्याचिङ कारोबार गर्दै शेयर मूल्य बढाउँदै,
114027,"चालु वर्ष थप ८ पुराना ब्रोकरले चुक्ता पूँजी पुर्‍याए, एसोसिएसन भन्छ ”ब्रोकर कम्पनी मर्ज हुँदैनन् ”",
114025,"'बजारमा तीन किसिमका लगानीकर्ता छन्-‘बकुल्ला', ‘किङ्ग फिसर’ र 'म्यानुपुलेटर', अहिले पहिलाे र दाेस्राे 'हेरेकै हेरै' तेस्राेले कमाएकाे अवस्था छ'",
114035,"नेप्सेले संस्थापक शेयर कारोबारको लागि सानो प्राविधिक परिवर्तन नगरिदिँदा HEIP, NIMBP र HIDCLP यसरी निर्बाध कारोबार हुन पाएनन्",
114039,"ओम मेगाश्री फर्मास्युटिकल्सको आईपीओ सूचीकृत, आइतबारदेखि कारोबार हुने",
114029,"निरन्तर तेस्रो कारोबार दिन घट्यो नेप्से, कारोबार रकम भने बढ्यो",
113996,"राष्ट्र बैंकले २० प्रतिशत शेयर बिक्री गर्न दिँदा बैंकहरुले शेयर ट्रेडिङ गरेर सात अर्ब कमाए, सबैभन्दा बढी कुन बैंकले कमायो ? (सूची सहित)",
114009,प्रि ओपन सेसन अपडेटः सामान्य अंक घट्यो नेप्से,
114000,यी हुन सबैभन्दा सस्ता ३० कम्पनी (सूचीसहित),
113992,'अबको दुई वर्ष भित्र नेप्से ५१ सय माथि पुग्छ',
113986,नेप्सेले दियो गिरावटलाई निरन्तरता,
113974,प्रि ओपन सेसन अपडेटः करिब २ अंक बढ्यो नेप्से,
113965,आम्दानीसँगै घट्यो हाथवे इन्भेष्टमेन्टको नाफा,
113959,शेयर बजारबाट कस्ता लगानीकर्ताले कमाई गरेका छन् ?,
113958,"चैतमा सामूहिक लगानी कोषहरूको साधारण र मुद्दती निक्षेप दुवै बढ्यो, निक्षेप बढ्दा न्याभ भने घट्यो",
113955,नेप्सेसँगै घट्यो कारोबार रकम,
113940,प्रि ओपन सेसन अपडेटः सामान्य अंक घट्यो नेप्से,
113924,"थाहा पाउनेले जति पनि डिम्याट खाता खोल्दै, केही लगानीकर्ताले भने ब्रोकरलाई दुईको नियम देखाएर यसरी ठग्दै",
113922,बजारमा छोटो टार्गेट राख्नेले यसरी नाफा गर्दै छन्,
113919,"एक अर्बकाे आईपीओ जारी गर्ने तयारीमा जनता एग्रो, संचालकहरु को को छन् ?",
113918,"नेप्सेले दियो वृद्धिलाई निरन्तरता, कारोबार रकम पनि बढ्यो",
113907,प्रि ओपन सेसन अपडेटः सामान्य अंक घट्यो नेप्से,
113901,"गत साता करिब साढे २ प्रतिशत घटेको नेप्से, यस साता के होला?",
113854,"अढाई महिनामा ६ हाइड्रोपावरको संस्थापक सेयरको ‘लक इन पिरियड’ खुल्दै, ४ करोड भन्दा बढी कित्ता शेयर सप्लाई बढ्ने",
113892,'बैंक हो भन्दैमा जवरजस्ती फण्डामेन्टल मानिदिनु पर्छ भन्ने पक्षमा म छैन',
113881,"सातामा करिब साढे २ प्रतिशत घट्यो नेप्से, कुन उपसमूहको परिसूचक कति बढ्यो? कति घट्यो?",
113889,"राष्ट्र बैंकले कारबाही गरेका कम्पनीको शेयर नै “हट केक”, शेयर बजार कसले चलाउँदै छ ?",
113850,"धितोपत्र बोर्डमा अध्यक्ष पनि छन् ? भन्दै व्यङ्ग्य गर्न थाले लगानीकर्ताले, सय दिने उपलब्धि किन सार्वजनिक भएन ?",
113848,नेप्से र कारोबार रकम दुबै बढ्यो,
113834,प्रि ओपन सेसन अपडेटः सामान्य अंक बढ्यो नेप्से,
113824,दुई लघुवित्तको शेयरमूल्य समायोजन,
113812,"फेरि नेप्से पुनर्संरचनाको प्रस्ताव गरिँदै, शेयर संरचनाको विषय सञ्चालक समितिले टुङ्ग्याउने",
113810,"नेप्से घट्ने क्रम जारी, कारोबार रकम पनि घट्दो",
113800,महालक्ष्मी विकास बैंक सबैभन्दा कम कोष लागत भएको विकास बैंक,
113792,प्रि ओपन सेसन अपडेटः सामान्य अंक घट्यो नेप्से,
113767,"ब्रोकरले भुक्तानी दिन नसकेपछि 'लिमिट टाइट' गर्न थाले, उता धितोपत्र बोर्डले ब्रोकरहरूलाई चिठी काट्न थाल्यो",
113771,"निरन्तर तेस्रो कारोबार दिन घट्यो नेप्से, कारोबार रकम पनि घट्यो",
113752,प्रि ओपन सेसन अपडेटः ३ अंक घट्यो नेप्से,
113744,"विकास बैंकको शेयर मूल्यमा ‘लो शेयर सप्लाई’को असर, २१ रुपैयाँ मात्रै नेटवर्थ रहेको नारायणी विकास बैंककाे मूल्य झन्डै १८ सय",
113739,साइडबेजमा रहेकाे बजारले शक्ति सञ्चय गर्दै,
113732,"नेप्सेले दियो गिरावटलाई निरन्तरता, कारोबार रकम भने बढ्यो",
113716,प्रि ओपन सेसन अपडेटः करिब २ अंक घट्यो नेप्से,
113700,"गभर्नरमा गुणाकर भट्ट आउने भनेपछि शेयर बजार राताम्मे, किन एम अधिकारीको छायाँ देख्यो शेयर बजारले?",
113698,"तीन कारोबार दिनपछि घट्यो नेप्से, कारोबार रकम पनि घट्यो",
113681,प्रि ओपन सेसन अपडेटः करिब २ अंक बढ्यो नेप्से,
113679,खुद ब्याज आम्दानीसँगै घट्यो निफ्राको नाफा,
113673,"तेस्रो त्रैमासमा वाणिज्य बैंकहरुको नाफा सामान्य बढ्यो, कुन बैंकको नाफा सर्वाधिक बढ्यो?",
113672,"सर्वाधिक नाफा कमाउने बैंक बन्यो नबिल बैंक, कति कमायो?",
113664,नाफासँगै घट्यो एनआईसी एशिया बैंकको प्रतिशेयर आम्दानी,
113663,"नेपाल इन्भेष्टमेन्ट बैंकको नाफा पनि साढे ४ अर्ब नाघ्यो, वितरणयोग्य मुनाफा भने ऋणात्मक",
113661,"गत साता करिब २ प्रतिशत बढेको नेप्से, यस साता के होला?",
113662,"ग्लोबल आइएमई बैंकले कमायो साढे ४ अर्बभन्दा बढी नाफा, ईपीएस कति?",
113646,"सातामा करिब २ प्रतिशत बढ्यो नेप्से, कुन उपसमूहको परिसूचक कति बढ्यो? कति घट्यो?",
113654,डा. गुणाकर भट्टविरुद्ध सर्वोच्च अदालतमा रिट निवेदन दर्ता,
113649,"हमालले बनाए 'टास्क फोर्स, चापागाईँ समन्वयात्मक बैठक गर्दै, यसले बोर्ड र नेप्से बिचको तिक्तता घटाउला ?",
113620,"ब्रोकरले आफ्नै लागि गर्ने शेयर किन/बेचलाई “लिगल” बनाउने नेप्सेको तयारी, कत्तिको ठिक ?",
113625,कारोबार रकम १० अर्ब नाघ्दा कुन ब्रोकरले ‘सेल’ र कुन ब्रोकरले ‘बाई’ रणनीति लिए? सूचीसहित,
113618,"निरन्तर तेस्रो कारोबार दिन बढ्यो नेप्से, कारोबार रकम पनि बढ्यो",
113606,प्रि ओपन सेसन अपडेटः करिब ५ अंक बढ्यो नेप्से,
113580,"नेप्सेले दियो वृद्धिलाई निरन्तरता, कारोबार रकम भने घट्यो",
113561,प्रि ओपन सेसन अपडेटः करिब साढे १३ अंक बढ्यो नेप्से,
113541,"धितोपत्र बोर्डकै कारण बुक बिल्डिङ जस्तो पारदर्शी विधि नै विफल हुँदै, रिलायन्सकाे पैसा फसेकाे देखेर तर्सिए अन्य कम्पनी",
113545,"नोक्सानीमा रहेको ३ विकास बैंक 'सर्किट लेभल'मा कारोबार, नेप्सेमा सूचीकृत १५ मध्ये ५ विकास बैंक अझै घाटामा",
113547,पियोर इनर्जीको आईपीओमा १९ गुणा बढी आवेदन,
113538,"वर्षको सुरुवातमै सूचक बढ्यो, पाउला त निरन्तरता ?",
113534,२०८२ को पहिलो कारोबार दिन बढेर बन्द भयो नेप्से,
113524,२०८२ मा शेयर बजार ३२०० माथि देख्न पाइएला?,
113519,प्रि ओपन सेसन अपडेटः करिब साढे १६ अंक बढ्यो नेप्से,
113509,गार्डियन माइक्राेकाे शेयर २७७८ रुपैयाँको उच्च मूल्यमा कारोबार हुँदा नयाँ लघु बीमाको शेयरले पनि त्यस्तै मूल्य पाउँला?,
113472,"१० प्रतिशत मात्रै शेयर निष्कासन गर्ने निवेदन नै नलिएको कम्पनीको आरोप, कानुनले दिएको अधिकार नरोकेको बोर्डको भनाइ",
113410,केही समय प्रतिक्षा गर्ने हो भने बजार 'रिभाइभ' हुन्छ,
113511,"२०८१ सालमा करिब साढे ३१ प्रतिशत बढ्यो नेप्से, कुन उपसमूहको परिसूचक कति बढ्यो?",
113506,शेयर बजारका लागि २०८२ साल कस्तो होला?,
113504,२०८१ सालमा बजार कस्तो रह्याे? २०८२ मा के गर्ने ?,
113505,"‘रियल नेटवर्थ’को परिभाषा नगर्दा जलविद्युत कम्पनीको निष्कासन २० महिनादेखि अवरुद्ध,परिभाषाका लागि व्यवसायीले प्रधानमन्त्री गुहारे",
113500,२०८१ को अन्तिम कारोबार दिन सामान्य अंक घटेर बन्द भयो नेप्से,
113489,रिलायन्स फाइनान्सले लाभांश वितरण नगर्ने,
113477,"गत साता करिब साढे १ प्रतिशत घटेको नेप्से, यस साता के होला?",
113429,"मार्जिन कर्जा प्रवाहमा आक्रामक बन्दै वाणिज्य बैंकहरु, नबिल र ग्लोबललाई पछ्याउँदै अन्य बै‌क (सूचीसहित)",
113464,यसकारण शेयर बजारलाई मैले 'रिग्रेड मार्केट' भन्ने गरेकाे छुः अर्थविद खनाल,
113452,"सातामा करिब साढे १ प्रतिशत घट्यो नेप्से, कुन उपसमूहको परिसूचक कति बढ्यो? कति घट्यो?",
113466,"एरो फर्मास्युटिकल्सले आईपीओ निष्कासन गर्ने, बिक्री प्रबन्धकमा ग्लोबल आइएमई क्यापिटल नियुक्त",
113415,नियामक निकायहरुमा राजनीतिक हस्तक्षेप र त्यसले शेयर बजारमा पारेको प्रभाव,
113458,संस्थानहरूलाई पब्लिकमा लैजान र नेप्सेको शेयर निजी क्षेत्रलाई पनि दिन उच्च स्तरीय आर्थिक सुझाव सुधार आयोगको सुझाव,
113453,यस्ता छन् शेयर बजार सुधारका लागि उच्चस्तरीय आर्थिक सुधार सुझाव आयोगले दिएका सुझावहरु,
113449,सगरमाथा लुम्बिनी इन्स्योरेन्सको लाभांश घोषणा,
113430,निर्माण व्यवसायीलाई राहत दिएकी निलमले शेयर बजारका अबराेध फुकाउलिन ?,
113433,"नियामकमा राजनीतिक हस्तक्षेप, बजार स्वायत्त नहुँदा सूचक दबाबमा",
113426,"सामान्य अंक घट्यो नेप्से, कारोबार रकम भने बढ्यो",
113376,'ब्रोकरको लिमिटको व्यवस्था बजार अस्थीर बनाउने अस्त्र त बनेको छैन ?',
113403,प्रि ओपन सेसन अपडेटः करिब साढे १ अंक बढ्यो नेप्से,
113384,"अमेरिकी राष्ट्रपति ट्रम्पका गतिविधिले विश्व शेयर बजार तरङ्गित, त्यसको झिल्को नेपालकाे बजारमा समेत परेको हो ?",
113382,बढेको बजार टिक्न किन सकेको छैन ?,
113378,"सामान्य अंक बढ्यो नेप्से, कारोबार रकम भने घट्यो",
113361,प्रि ओपन सेसन अपडेटः १५ अंक बढ्यो नेप्से,
113351,"अन्तिम १५ मिनेटको औसत मूल्यलाई अन्तिम मूल्य मान्ने नियमको लुपहोल, उच्च मूल्यमा ठूलो कित्ताको म्याचिङ कारोबार गरेर बढाउन थाले शेयर मूल्य",
113348,‘बजारमा ७२ घण्टामा कारोबार गर्नेहरुले कमाएका छन्’,
113338,"राजनीतिक चेपुवामा सेयर बजार, लगानीकर्ता तावामा कहिलेसम्म सेकिरहने ?",
113341,"नेप्सेले दियो गिरावटलाई निरन्तरता, कारोबार रकम पनि घट्यो",
113324,प्रि ओपन सेसन अपडेटः साढे १ अंक बढ्यो नेप्से,
113317,मसान्तको दबाब बजारमा !,
113306,नेप्से र कारोबार रकम दुबै घट्यो,
113294,बुटवल पावरले एफपीओ रद्द गरी हकप्रद शेयर जारी गर्ने,
113293,प्रि ओपन सेसन अपडेटः करिब साढे १ अंक घट्यो नेप्से,
113280,नेप्से प्रमुख चापागाईँले तीनवटा सुझाव मागेपछि सराेकारवालाले दिए यस्ताे जवाफ,
113269,"गत साता साढे १ प्रतिशत बढेको नेप्से, यस साता के होला?",
113250,'यो विन्दु लगानीकर्ताहरुले सवल कम्पनीहरु छनोट गरी लगानी गर्ने राम्रो मौका हो',
113220,"सातामा साढे १ प्रतिशत बढ्यो नेप्से, कुन उपसमूहको परिसूचक कति बढ्यो? कति घट्यो?",
113238,"बिदा भए शेयर बजारले नरुचाएका गभर्नर अधिकारी, अब बढ्ला त बजार ?",
113255,"नेप्सेका सीईओ र स्टक ब्रोकरबीच भेट, ६५ लाख लगानीकर्तालाई टीएमएस मोबाईल एपमा जोड्न माग",
113211,'शेयर काराेबारकाे अन्तिम १५ मिनेटको भारित औसत मूल्य निर्धारण बिधि अबैज्ञानिक छ',
113204,नेप्से र कारोबार रकम दुबै बढ्यो,
113189,प्रि ओपन सेसन अपडेटः सामान्य अंक बढ्यो नेप्से,
113166,"बजार २७ सयको मनोवैज्ञानिक रेखामा, घट्ने भन्दा बढ्ने आधार धेरै !",
113160,"करेक्सनपछि पुनः बढ्यो नेप्से, कारोबार रकम भने घट्यो",
113144,प्रि ओपन सेसन अपडेटः करिब १७ अंक बढ्यो नेप्से,
113136,हकप्रद घोषणा गर्दै मूल्य बढाउँदै कम्पनीहरु,
113132,"आजबाट कालिका सेक्युरिटीजले पनि नयाँ टिएमएसबाट सेवा दिन सुरु गर्‍यो, यसै साता थप तीनले सुरु गर्दै",
113124,'आउने गभर्नरले लगानी मैत्री नीति ल्याउने अपेक्षाले पनि बजार सकारात्मक हुने विश्वास गर्न सकिन्छ',
113131,बढ्न पाएको छैन किन घट्छ बजार ?,
113125,नेप्सेका नवनियुक्त सीईओ चापागाईँले गरे पद बहाली,
113123,"तीन दिनको वृद्धिपछि नेप्सेमा सामान्य करेक्सन, कारोबार रकम पनि घट्यो",
113121,नेप्सेका नवनियुक्त सीईओ चापागाईँले बुझे नियुक्ति पत्र,
113104,नेप्सेको सीईओमा चुडामणि चापागाईं नियुक्त,
113101,प्रि ओपन सेसन अपडेटः साढे १ अंक घट्यो नेप्से,
113085,"आन्दाेलनकै बीच उठ्याे बजार, ४ हजार माथिको यात्रा तय गर्ने अवसर",
113084,नेप्सेको सिइओ नियुक्ति सरकारले आज गर्ला ?  सिफारिस समितिले तीन जनाको नाम किन लुकायो ?,
113054,"अर्थतन्त्रको ऐना बन्दै शेयर बजार, सबै क्षेत्रको प्रतिनिधित्व हुने गरी आइपिओका लागि निवेदन, तर नियामकको ढिलासुस्ती",
113055,"त्रास चिर्दै निरन्तर बढ्यो बजार, अबको बाटो कस्तो ?",
113047,"निरन्तर तेस्रो कारोबार दिन बढ्यो नेप्से, कारोबार रकम पनि बढ्यो",
113032,प्रि ओपन सेसन अपडेटः साढे १ अंक घट्यो नेप्से,
113003,"फागुनमा म्युचुअल फण्डले शेयर बेचेर मुद्दती र साधारण निक्षेपमा पैसा सारे, कसले सबैभन्दा बढी सार्‍यो ?",
113016,"गत साता सामान्य घटेको नेप्से, यस साता के होला?",
112985,"सातामा सामान्य घट्यो नेप्से, कुन उपसमूहको परिसूचक कति बढ्यो? कति घट्यो?",
112998,"'आन्दोलनले बजार गिजोलियतापनि ठूलो असर पार्दैन, बजार रिङ्ग रोडको बस जस्तै हाे काेहि चड्छन कोहि झर्छन'",
112995,"धितोपत्र व्यवसायी गाभ्ने-गाभिने वा प्राप्ति गर्ने सम्बन्धी निर्देशिका, २०८१ जारी, नयाँ व्यवस्था के के छन् ?",
112959,'अर्थतन्त्र बुझेको गभर्नर आउने सम्भावना धैरै छ',
112962,चैत्र १७ गते मेरोलगानी र KUSOM फाइनान्स क्लबको साझेदारीमा स्टक सिमुलेसन कार्यक्रम हुने,
112952,नेप्सेसँगै बढ्यो कारोबार रकम,
112940,प्रि ओपन सेसन अपडेटः १० अंक बढ्यो नेप्से,
112928,ग्रीन डेभलपमेन्टको लाभांश सुरक्षित गर्ने आज अन्तिम दिन,
112919,"बजार २५८० को सपाेटबाटै फर्कियो, बढ्ने कन्फर्मेशन हो ?",
112907,'लगानीकर्ताले २५ प्रतिशत आम्दानीको र ५ प्रतिशत नोक्सानीको रणनीति बनाएर कारोबार गर्नुपर्छ',
112910,"नेप्से बढेर पुनः २६०० विन्दु माथि उक्लियो, कारोबार रकम भने घट्यो",
112902,नेप्सेको सिइओ नियुक्ति भएकै हो ? बुधवारसम्म नेप्सेमा हाजिर भएनन्,
112888,प्रि ओपन सेसन अपडेटः साढे २ अंक घट्यो नेप्से,
112874,एक महिनामा अर्बपति हुने सम्भावना कति ?,
112866,"करिब साढे २ महिनापछि २६०० विन्दुमुनि नेप्से, कारोबार रकम भने बढ्यो",
112841,प्रि ओपन सेसन अपडेटः १२ अंक बढ्यो नेप्से,
112815,"बैंक वित्तीय संस्थाले दिने मार्जिन कर्जाको लिमिट पूरा हुँदा बजारमा सेलिङ प्रेसर, ऋण नदिएको भन्दै लगानीकर्ता आक्रोशित",
112817,"सम्हालिने प्रयासमा बजार, घट्ने क्रम रोकिएला ?",
112812,"६ कारोबार दिनपछि बढ्यो नेप्से, कारोबार रकम भने घट्यो",
112809,नेपाल पर्यटन बोर्डलाई टिएटीएफ चेन्नई २०२५ मा 'सर्वोत्कृष्ट स्टल सजावट पुरस्कार',
112793,प्रि ओपन सेसन अपडेटः ४ अंक घट्यो नेप्से,
112788,"१५ मिनेटको भारित औसत कारोबार मूल्यलाई अन्तिम मूल्य मान्ने नियमको असर, २६ सय २५ रुपैयाँ पुगेको कुथेली बुखरीको शेयर मूल्य २४६९.७२ रुपैयाँ कायम",
112783,"लो क्याप विकास बैंकमा राइटको फण्डा,  मर्जर र राइटमा दुवै प्रस्ताव हुँदा राइटलाई फोकस किन ?",
112784,झनै किन बढ्यो प्यानिक सेल ?,
112780,"निरन्तर छैठौँ कारोबार दिन घट्यो नेप्से, कारोबार रकम भने बढ्यो",
112765,बजारले लगानीकर्तालाई कसरी 'चक्मा' दिन्छ?,
112764,प्रि ओपन सेसन अपडेटः करिब २ अंक घट्यो नेप्से,
112760,"गत साता करिब साढे २ प्रतिशत घटेको नेप्से, यस साता के होला?",
112759,"टेवा क्षेत्र नजिक महालक्ष्मी विकास बैंक, हेरौँ कम्पनी विश्लेषण",
112748,'लगानीकर्ताले कमाउनको लागि बजारको नाडी समाउन सक्नुपर्छ',
112743,"सातामा करिब साढे २ प्रतिशत घट्यो नेप्से, कुन उपसमूहको परिसूचक कति बढ्याे? कति घट्यो?",
112702,"नक्कली खरिद आदेश रोक्न “नन्  क्यास कोल्याट्रल” राख्न पाउने व्यवस्था बाधक, यसलाई नेप्सेले तत्काल खारेज गर्नुपर्छ",
112710,"धेरै नाफा खोज्दा डुबिन्छ, शेयर बजारमा डुब्नबाट कसरी जोगिने ?",
112703,डेभलपमेण्ट बैँकर्स एशोसिएसन नेपालको अध्यक्षमा पुनः सुयोग श्रेष्ठ,
112699,१५ मिनेटको औषत कारोबार मूल्य अन्तिम मूल्य कायम हुँदा नेप्सेमा के कति फरक पर्यो?,
112677,प्रि ओपन सेसन अपडेटः २ अंक घट्यो नेप्से,
112662,"बिहीबारबाट अन्तिम कारोबार मूल्य कायम हुने, १५ मिनेटको औसत कारोबार मूल्य नै अन्तिम कायम हुने",
112661,बजारमा ‘मार्च फिवर’को प्रभाव परेकै हो ?,
112617,"नारायणी डेभलपमेन्ट बैंकमा खुलेआम ‘सर्कुलर ट्रेडिङ’, नियामक र बजार सञ्चालक ‘हेरेको हेरै’",
112656,"नेप्सेले दियो गिरावटलाई निरन्तरता, कारोबार रकम भने बढ्यो",
112635,प्रि ओपन सेसन अपडेटः करिब साढे २ अंक बढ्यो नेप्से,
112621,"कारोबार रकममा गिरावट, सप्लाई सकिएकै हो ?",
112613,एक महिनापछि २७०० विन्दुमुनि नेप्से,
112593,प्रि ओपन सेसन अपडेटः १७ अंक बढ्यो नेप्से,
112574,गभर्नरको बहिर्गमनले शेयर बजार कति बढ्ला ? यस्तो छ लगानीकर्ताको अनुमान,
112575,यो विन्दुमा कस्तो शेयर बिक्री भएको छ ?,
112571,"निरन्तर दोस्रो कारोबार दिन घट्यो नेप्से, कारोबार रकम पनि घट्यो",
112557,प्रि ओपन सेसन अपडेटः १ अंक बढ्यो नेप्से,
112547,बिग्रँदो परिस्थितिमा कहिले सम्हालिएला बजार ?,
112542,"बजार घटेपछि लगानीकर्ता तनावमा, बैंकले लिमिट छैन भन्ने ब्रोकर उधारो मिलाऊ भन्ने, लगानीकर्तालाई शेयर 'निल्नु न ओकल्नु'",
112541,नेप्से र कारोबार रकम दुबै घट्यो,
112521,प्रि ओपन सेसन अपडेटः सामान्य अंक घट्यो नेप्से,
112513,नेप्सेको सीइओको लागि ५ जनाको नाम ‘सर्टलिस्ट’,
112508,"गत साता करिब ३ प्रतिशत घटेको नेप्से, यस साता के होला?",
112494,"अब बिमा दाबीसम्बन्धी उजुरीको सुनुवाइ इजलासबाट, नयाँ अभ्यास कति सफल होला ?",
112497,'अहिलेको सम्भावित तल्लो विन्दु २६३० हो',
112476,"सातामा करिब ३ प्रतिशत घट्यो नेप्से, कुन उपसमूहको परिसूचक कति घट्यो?",
112464,"बजार धेरै घटी सक्यो, अब के गर्ने ?",
112488,"पोखरा फाइनान्स ग्रिन डेभलपमेन्ट बैंकसँग मर्ज हुने लगभग निश्चित, हस्ताक्षर आउँदो साता गर्ने तयारी",
112452,"दोस्रो बजारमा ""स्पूफिङ"" गर्ने क्रम बढ्दो, सर्वसाधारण लगानीकर्ता जोखिममा, के हो ""स्पूफिङ"" ?",
112457,"७ कारोबार दिनपछि बढ्यो नेप्से, कारोबार रकम भने सामान्य घट्यो",
112436,प्रि ओपन सेसन अपडेटः १ अंक घट्यो नेप्से,
112421,साल्ट ट्रेडिङ्गको लाभांश सुरक्षित गर्ने आज अन्तिम दिन,
112410,"शेयर बजारमा बैंक वित्तीय संस्थाको पैसा खनिने क्रम रोकिएन, अहिलेसम्मकै सर्वाधिक रकमको मार्जिन ऋण प्रवाह",
112415,ओम मेगाश्री फर्मास्यूटिकल्सकाे आईपीओ पहिलाे दिन नै ४.१८ गुणा बढी माग,
112412,बजार घट्ने क्रम किन रोकिएन ?,
112406,"नेप्से घट्ने क्रम जारी, कारोबार रकम भने सामान्य बढ्यो",
112400,एमबीएल इक्विटी फण्डले वार्षिक १५ प्रतिशत बढी प्रतिफल दिने,
112391,प्रि ओपन सेसन अपडेटः करिब १ अंक बढ्यो नेप्से,
112385,दुई कम्पनीको लाभांश सुरक्षित गर्ने आज अन्तिम दिन,
112364,शेयर बजार खास के कारणले घटिरहेको हो ? लगानीकर्ताका अगुवा यसो भन्छन्,
112369,किन सम्हालिन सकेन बजार ?,
112372,"क्रेस्ट माइक्रो लाइफकाे आईपीओमा १३ गुणा बढी आवेदन, १८ लाख ६४ हजार भन्दा धेरैकाे हात खाली हुने",
112363,"निरन्तर छैठौँ कारोबार दिन घट्यो नेप्से, कारोबार रकम पनि घट्यो",
112351,प्रि ओपन सेसन अपडेटः करिब २ अंक घट्यो नेप्से,
112338,"गार्डियन माइक्रो लाइफ १९ औं दिन पनि सकारात्मक सर्किट लेभलमा कारोबार, कति पुग्ला त मूल्य?",
112332,"पाँच दिनदेखि शेयर बजारमा पहिरो, लगानीकर्ता अत्तालिन थाले, गएको पाँच दिनमा सबैभन्दा बढी कुन कम्पनीका शेयर मूल्य घट्यो ?",
112331,बजार बुल रनमै भएकाले सानो तिनो आरोह अवरोहमा त्रसित हुनुपर्दैन,
112330,बजारले किन्ने मौका राम्रै दियो !,
112334,क्रेस्ट माइक्रो लाइफ इन्स्योरेन्सको आईपीओमा १०.४३ गुणा बढी शेयर माग,
112325,एक साता पछि पुनः २८०० विन्दुमुनि नेप्से,
112310,प्रि ओपन सेसन अपडेटः करिब साढे १ अंक बढ्यो नेप्से,
112297,"गत साता सामान्य अंक बढेको नेप्से, यस साता के होला?",
112284,'शेयर बजारमा यी चार तरिकाबाट विश्लेषण गरेर लगानी गर्नुपर्छ',
112285,"सातामा सामान्य अंक बढ्यो नेप्से, कुन उपसमूहको परिसूचक कति बढ्यो? कति घट्यो?",
112277,"एलआइसिएनको लिलामीमा आएको सबै शेयर पाएको एनआरएनले शेयर फिर्ता गर्‍यो, चार कम्पनीले लिलामीमा भाग लिन नपाउने",
112254,"आधारभूत, प्राविधिक भन्दा सरकार र नियामकको गतिविधि अध्ययन गर्न लगानीकर्ता बाध्य",
112257,क्रेस्ट माइक्रोकाे आईपीओमा पहिलाे दिन नै ३.१७ गुणा बढी शेयर माग,
112246,"चौथो दिन शेयर बजार सम्हालियाे, १० अर्ब बढीको कारोबार",
112208,'लघुवित्तमा बेस रेट संस्थाको नाफाघाटासँग मात्रै जोडिएको छैन',
112233,एनआईसी एशिया ग्रोथको प्रतिफल २५ गतेसम्म कायम इकाईधनीले मात्रै प्राप्त गर्ने,
112226,स्वरोजगार लघुवित्तको लाभांश घोषणा,
112206,"नेप्से, मर्चेन्ट बैंक, सिडिएससी र ब्रोकरका कर्मचारीले अनिवार्य तालिम लिनु पर्ने, नियमावलीको मस्यौदा कोर्दै बोर्ड",
112207,बजारले किन्ने अवसर दिएको हो ?,
112210,"स्वरोजगार लघुवित्तको एफपीओमा ११९.८४ गुणा बढी आवेदन, १८ लाख ६२ हजार भन्दा धेरैकाे हात खाली हुने",
112204,"नेप्सेले दियो गिरावटलाई निरन्तरता, कारोबार रकम पनि घट्यो",
112183,प्रि ओपन सेसन अपडेटः सामान्य अंक बढ्यो नेप्से,
112167,लघुवित्त नाफामुखि वा सेवामुखि हुनेमा नीतिगत स्पष्टता जरुरी,
112165,"अन्तिम १५ मिनेटको औसत मूल्य कायम गर्न धितोपत्र बोर्डको स्वीकृति, कहिले देखि लागु होला ? यसो भन्छ नेप्से",
112163,"नेप्सेमा करेक्सन जारी, भोल्यूम पनि घट्यो",
112140,पछिल्लो ‘बुल’को नेतृत्व गर्दै अन्य उपसमूह,
112150,प्रि ओपन सेसन अपडेटः सामान्य अंक बढ्यो नेप्से,
112129,"म्युचुअल फण्डले माघमा लिष्टेड र नन् लिष्टेड दुबैमा लगानी बढाए, साधारण निक्षेप घट्दा मुद्दती भने बढ्यो",
112132,करेक्सनले बजारलाई थप बलियाे बनाउँछ,
112123,निरन्तर ९ कारोबार दिनको वृद्धिपछि नेप्सेमा करेक्सन,
112056,"वाणिज्य बैंकको बेस रेट नै ५.११ प्रतिशत, सबैभन्दा सस्तो ऋण कुन बैंकको ?",
112110,प्रि ओपन सेसन अपडेटः करिब १० अंक बढ्यो नेप्से,
112093,"९ कारोबार दिनदेखि शेयर बजार बढेको बढ्यै, बजार बढ्ने कारण यस्ता, छिट्टै नयाँ उचाइ चुम्ने लगानीकर्ताको प्रक्षेपण",
112092,यसकारण आयो बजारमा उत्साह !,
112089,"उच्च अंक बढ्यो नेप्से, कारोबार रकम ६ महिनायताकै उच्च",
112077,प्रि ओपन सेसन अपडेटः १४ अंक बढ्यो नेप्से,
112066,"गत साता साढे २ प्रतिशत बढेको नेप्से, यस साता के होला?",
112065,"प्रतिरोध क्षेत्रमा हिमालयन रि इन्स्योरेन्स, हेरौँ कम्पनी विश्लेषण",
112049,"'मौद्रिक नीतिकाे समीक्षाले लगानीकर्ताकाे आत्मविश्वास बढाएको छ, यसकाे प्रभाव एकै पटक हाेइन विस्तारै पर्छ'",
112042,"सातामा साढे २ प्रतिशत बढ्यो नेप्से, कुन उपसमूहको परिसूचक कति बढ्यो? कति घट्यो?",
112016,सूचक ४२ सय पुगेपछि मात्रै नयाँ उचाई कायम हुन्छ,
112011,मौद्रिक नीतिको अर्धवार्षिक समीक्षाको सकारात्मक प्रभावः नेप्से र कारोबार रकम दुबै बढ्यो,
111997,प्रि ओपन सेसन अपडेटः करिब २१ अंक बढ्यो नेप्से,
111962,"नेप्से सूचकले छैंठौ पटक रेसिस्टेन्स तोड्ने प्रयास गर्दै, रेखा चित्र हेर्नेको विश्लेषण यस्तो",
111965,नेपाल माइक्रो इन्स्योरेन्सकाे आइपीओमा झण्डै १० गुणा बढी आवेदन,
111960,अर्धवार्षिक मौद्रिक नीतिकाे समीक्षा पूर्वको बजार कस्तो?,
111957,"नेप्सेले दियो वृद्धिलाई निरन्तरता, कारोबार रकम भने घट्यो",
111944,प्रि ओपन सेसन अपडेटः सामान्य अंक बढ्यो नेप्से,
111940,सानिमा रिलायन्स इन्स्योरेन्सको लाभांश घोषणा,
111928,विगतमा जस्तै ‘हाइ क्याप’को साथ पाएर बढ्ला त बजार ?,
111929,दाेस्राे दिनसम्म नेपाल माइक्रो इन्स्योरेन्सको आइपीओ ६.८२ गुणा बढी माग,
111922,"मुलुक ग्रे लिस्टमा पर्नु दुखद तर यही समयमा शेयर बजारले नयाँ रेकर्ड राख्न सक्छ, अगुवा यसो भन्छन् ?",
111923,"अवराेध क्षेत्र परिक्षण गर्दै नेप्से, भाेल्युमसहित पार गर्ला त अवराेध क्षेत्र ?",
111924,"नेप्से प्रमुख छनौट सम्बन्धी कार्यविधि सार्वजनिक, मापदण्ड के के छन् ?",
111917,"सामान्य अंक बढ्यो नेप्से, कारोबार रकम भने घट्यो",
111903,प्रि ओपन सेसन अपडेटः करिब १ अंक घट्यो नेप्से,
111899,सम्पदा लघुवित्त लाभांश वितरण नगर्ने,
111886,उतार चढाव 'फाेमाे' हाे कि के हाे ?,
111894,नेपाल माइक्रो इन्स्योरेन्सकाे आइपीओमा पहिलो दिनमै मागभन्दा बढी आवेदन,
111882,"निरन्तर पाँचौ कारोबार दिन बढ्यो नेप्से, साढे ११ अर्बकाे काराेबार",
111867,प्रि ओपन सेसन अपडेटः साढे १९ अंक घट्यो नेप्से,
111855,"गत साता करिब साढे २ प्रतिशत बढेको नेप्से, यस साता के होला?",
111836,"पुसको तुलनामा माघमा कारोबार रकम ह्वात्तै बढ्यो, कारोबारीले सबैभन्दा बढी पैसा कुन सेक्टरमा खन्याए ?",
111843,'कार्यकालको अन्तिममा माैद्रिक नीतिकाे समीक्षामा यी चार कुरा गरे भने गभर्नर अधिकारी सम्झन लायक हुनेछन्',
111833,"सातामा करिब साढे २ प्रतिशत बढ्यो नेप्से, कुन उपसमूहको परिसूचक कति बढ्यो? कति घट्यो?",
111815,वित्तीय कारबाहीसम्बन्धी मार्गदर्शन जारी,
111807,"बिद्युत् प्राधिकरणले आइपिओ ल्याउने हल्लै बढी, न सरकारले अनुमति दिन्छ, न त प्राधिकरण हल्ला गर्न छोड्छ",
111809,"बजार राजनीतिकाे चपेटामा, राष्ट्र बैंक कसरी दोषी?",
111804,"नेप्सेमा सामान्य अंकको वृद्धि, काराेबार रकममा भने गिरावट",
111794,अपर हेवाखोला हाईड्रोपावरले शतप्रतिशत हकप्रद जारी गर्ने,
111776,विशाल बजार कम्पनीको लाभांश सुरक्षित गर्ने आज अन्तिम दिन,
111762,कुन महिनामा सबैभन्दा बढी बजार बढ्छ र पूँजीगत लाभकर उठ्छ ? यस्तो देखियो तथ्याङ्कमा,
111769,'संस्थागत लगानीकर्ताहरुले स्थिर लगानी गर्न रुचाएका हुन्छन् तर उनीहरु अनुकुलको नीति निर्माण हुन सकेको छैन',
111748,"पालैपालो लगानी, बैंकिङ र अन्य समूहको ‘हाइ क्याप’ कम्पनीको शेयर मूल्य बढ्दै, ‘हाइ क्याप’ तिर लागेका हुन त लगानीकर्ता ?",
111752,आज शेयर बजार नखुल्ने,
111744,"अन्तिमको सर्किट लगाउने प्रवृत्तिकाे अन्त्य, लगानीकर्ताकाे माग पुरा भयाे",
111745,"काराेबारकाे अन्त्यमा शेयरको मूल्य बढाएर सर्किट लगाउनेका दिन सकिँदै, अन्तिम १५ मिनेटको औसत मूल्य कायम गर्ने नियम लागु हुने",
111738,"नेप्सेले दियो वृद्धिलाई निरन्तरता, कारोबार रकम पनि बढ्यो",
111703,"९० भन्दा कम नेटवर्थ हुने र प्रिमियममा अनुमति माग्नेले तत्काल निष्कासन अनुमति नपाउने, बुक बिल्डिङ पनि चेपुवामा",
111725,प्रि ओपन सेसन अपडेटः ८ अंक बढ्यो नेप्से,
111704,बजारमा विगतको भन्दा यसपटक के फरक छ ?,
111696,७ कारोबार दिनपछि नेप्से पुनः २७०० विन्दु माथि,
111681,प्रि ओपन सेसन अपडेटः ३ अंकभन्दा बढी बढ्यो नेप्से,
111658,"नन् लिष्टेड शेयर कारोबार, माघ मसान्तसम्म एक अर्ब ६५ करोडको शेयर किनबेच, गत वर्षको तुलनामा के भयो ?",
111659,बजारले सकारात्मक संकेत दिन लागेकै हाे ?,
111653,नेप्सेसँगै बढ्यो कारोबार रकम,
111616,"नेप्से प्रमुखको नियुक्ति प्रक्रिया कसले अघि बढाउनेमा अलमल, खास अलमल केमा भएको हो ?",
111640,प्रि ओपन सेसन अपडेटः साढे १ अंक घट्यो नेप्से,
111630,"गत साता करिब १ प्रतिशत घटेको नेप्से, यस साता के होला?",
111622,"राम्रो रिपोर्ट आएपछि लगानी समूहका ‘लो क्याप’ कम्पनी पनि हजार माथि, अब ‘हाइ क्याप’ का कम्पनी चल्लान त ?",
111618,'तोड्ने केही कुरा आयो भने फेरि बजार ३ हजारको विन्दु तर्फ उन्मुख हुने छ',
111603,"सातामा करिब १ प्रतिशत घट्यो नेप्से, कुन उपसमूहको परिसूचक कति बढ्यो? कति घट्यो?",
111582,"एसएमई प्लेटफर्मको लागि विनियमावली बनाउन सुरु गर्‍यो नेप्सेले, कहिलेसम्म सकिएला ?",
111583,अहिलेकाे बजारमा 'इन्ट्री' गर्ने वा पर्खने ?,
111580,दुई दिनको सामान्य वृद्धिपछि पुनः घट्यो नेप्से,
111562,प्रि ओपन सेसन अपडेटः १ अंक बढ्यो नेप्से,
111546,बजारले के पर्खेको छ ?,
111540,"करिब २ अंक बढ्यो नेप्से, कारोबार रकम पनि बढ्यो",
111536,हकप्रद तथा मर्जर प्रस्ताव गर्दै सिन्धु विकास बैंकको साधारण सभा आह्वान,
111525,आईजीआई प्रुडेन्सियल इन्स्योरेन्सको साधारण सभा आह्वान,
111521,आईएमई लाईफ इन्स्योरेन्सकाे लाभांश घोषणा,
111520,हिमालयन एभरेष्ट इन्स्योरेन्स लाभांश घोषणा,
111495,'मौद्रिक नीतिकाे समीक्षामा मार्जिन कर्जामा लगाइएको सिमा र लघुवित्तमा लगाएको बन्देज फुकुवा गर्नुपर्छ',
111502,"ब्याजदर सस्तो भएपछि शेयर लोन लिने बढे, कुन बैंक/वित्तले दिँदै छन् सबैभन्दा सस्तोमा ऋण? (सूचीसहित)",
111505,"न्याभ भन्दा २० प्रतिशत सस्तोमा खरिद बिक्री हुँदै म्युचुएल फन्डका इकाईहरु, न्याभ १० भन्दा माथि रहेपनि मूल्य भने १० रुपैयाँ भन्दा तल",
111499,"बैंकले पाएनन, तर बीमाको लगानी शेयर बजारमा किन आएन?",
111494,"५ कारोबार दिनपछि सामान्य अंक बढ्यो नेप्से, कारोबार रकम पनि बढ्यो",
111471,प्रि ओपन सेसन अपडेटः करिब १ अंक बढ्यो नेप्से,
111460,"हिमालयन डिष्टिलरीको नाफामा उल्लेख्य सुधार, प्रतिशेयर आम्दानी कति?",
111455,सिईडिबि होल्डिङ्गसको नाफा र प्रतिशेयर आम्दानी दुबै उल्लेख्य बढ्यो,
111453,बिक्री आम्दानी बढेपछि सर्वोत्तम सिमेन्टको नाफा उल्लेख्य बढ्यो,
111445,"पब्लिक कम्पनी २ हजार १३९ पुगे, पब्लिक भएर पनि 
किन आइपिओमा जान चाहँदैनन् ?",
111451,"माइक्रोफाइनान्सको वित्तीय विवरण सुधारोन्मुख, ३९ वटामध्ये ३६ कम्पनी नाफामा",
111446,बजारको उच्च विन्दुको भार थेग्नको लागि फन्डामेन्टल बलियो बन्दै गएकाे छ,
111441,"नेप्से घट्ने क्रम जारी, कारोबार रकम पनि घट्दो",
111430,"साल्ट ट्रेडिङ्गको बिक्री आम्दानी घट्यो, नाफा कति?",
111422,प्रि ओपन सेसन अपडेटः करिब साढे ३ अंक घट्यो नेप्से,
111414,हाथवे इन्भेष्टमेन्टको आम्दानी बढेपछि नाफा धनात्मक,
111354,"लाभांश लिन नजाने बढ्दै, संरक्षण कोषमा ६१ करोड भन्दा बढी जम्मा, लगानीकर्ता लाभांश लिन किन जादैनन् ?",
111408,"शिवम् सिमेन्ट्सको आम्दानी घट्यो, नाफा कति?",
111403,"नयाँ स्टक एक्सचेन्ज लाइसेन्स प्रक्रियाः मूल्याङ्कन समितिलाई थप जिम्मेवारी दिइयाे, अब के होला ?",
111400,जति सक्दो सस्तोमा शेयर उठाउने दाउमा लगानीकर्ता,
111396,"निरन्तर चौथो कारोबार दिन घट्यो नेप्से, कारोबार रकम पनि घट्यो",
111374,प्रि ओपन सेसन अपडेटः करिब साढे २ अंक घट्यो नेप्से,
111362,"गत साता साढे १ प्रतिशत बढेको नेप्से, यस साता के होला?",
111355,'हाईड्रोपावर कम्पनीको खर्च घट्दा लाभांश दर बढ्न सक्ने भएर पनि लगानीकर्ताको आकर्षण देखिएको हुन सक्छ',
111347,"सातामा साढे १ प्रतिशत बढ्यो नेप्से, कुन उपसमूहको परिसूचक कति बढ्यो? कति घट्यो?",
111311,शेयर निष्कासनकाे बाटाे खुलेसँगै ३१ वटामध्ये कति मर्चेन्ट बैंकले आइपिओ निष्कासन गर्लान ?,
111310,"'३० वर्षपछि पनि हाईड्रोको स्वामित्व सरकारमा जाँदैन, लगानी सुरक्षित छ'",
111303,"नेप्सेले दियो गिरावटलाई निरन्तरता, कारोबार रकम भने सामान्य बढ्यो",
111281,प्रि ओपन सेसन अपडेटः करिब साढे २ अंक बढ्यो नेप्से,
111278,"नागरिक लगानी कोषको नाफा सामान्य बढ्यो, ईपीएस भने घट्यो",
111266,धिताेपत्र बाेर्डले गर्याे मर्चेन्ट बैंकरले आईपीओ निष्काशन गर्न पाउने व्यवस्था,
111262,समता घरेलु लघुवित्तको शेयरमूल्य समायोजन,
111249,"'२६ सयको विन्दुबाट नै शेयर एकुमुलेसन भइरहेको छ,अझै केहि समय हुन्छ'",
111257,"मूल्य बढेर टप ट्रनओभरमा कम्पनी छन्, बजार बलियो छ",
111247,"सामान्य अंक घट्यो नेप्से, कारोबार रकम भने सामान्य बढ्यो",
111237,प्रि ओपन सेसन अपडेटः साढे ३ अंक बढ्यो नेप्से,
111227,समता घरेलु लघुवित्तको लाभांश सुरक्षित गर्ने आज अन्तिम दिन,
111219,"नेप्से प्रमुखको पदावधि आउँदो शुक्रबार सकिँदै, अहिलेदेखि नै दक्ष व्यक्ति नियुक्त गर्न सरकारसँग माग",
111222,"'सुरुमै ट्रेडर हुनु खतरनाक, उच्च होइन उचित प्रतिफलमा जोड दिनु'",
111215,"तीन दिनको वृद्धिपछि नेप्सेमा करेक्सन, कारोबार रकम पनि घट्यो",
111198,प्रि ओपन सेसन अपडेटः साढे ३ अंक बढ्यो नेप्से,
111179,दैनिक कारोबार र सूचक किन बढीरहेको छ ? मौद्रिक समीक्षाको ज्वरो या गभर्नरको बहिर्गमन ?,
111176,"बजार बढ्ने प्रयासमा, टिक्न के कुराले खेल्दैछ भुमिका ?",
111169,"सामान्य अंक बढ्यो नेप्से, कारोबार रकम भने घट्यो",
111157,प्रि ओपन सेसन अपडेटः १ अंक बढ्यो नेप्से,
111142,"एकाएक किन बढ्यो डिबेन्चरमा आकर्षण ? माग भन्दा बढी आवेदन,  अब कस-कसको आउँदैछ ?",
111140,बजारले २७५० विन्दुको अवरोधलाई कसरी प्रतिकृया जनाउला ?,
111137,"उच्च अंक बढ्यो नेप्से, कारोबार रकम ५ महिनायताकै उच्च",
111126,प्रि ओपन सेसन अपडेटः साढे ४ अंक बढ्यो नेप्से,
111115,"गत साता सामान्य अंक बढेको नेप्से, यस साता के होला?",
111003,"दैनिक कारोबार रकम १० अर्ब नजिक, बढ्दै गएको दैनिक कारोबार रकमले के सङ्केत गर्दै छ ?",
111090,'प्राविधिक विश्लेषण विगतको रेखा चित्रलाई हेरेर गरिन्छ तर सधै विगतमा जस्तै वर्तमानमा पनि हुन्छ भन्ने हुँदैन',
111111,"सातामा सामान्य अंक बढ्यो नेप्से, कुन उपसमूहको परिसूचक कति बढ्यो? कति घट्यो?",
111086,हकप्रद जारी गर्न सिटी होटलको बिक्री प्रबन्धक नियुक्त,
111085,शिखर इन्स्योरेन्सको लाभांश घोषणा,
111070,"'बलिया कम्पनी भन्नुको अर्थ बैंक मात्रै हाेइन, अरु कम्पनी पनि बलिया छन्'",
111039,"सेटलमेण्ट ग्यारेन्टी फण्ड चलाउन कस्सिए सागर ढकाल, वर्षौंदेखि 'कोमा'मा रहेको फण्ड चलाउन सफल होलान् ?",
111036,'२७ सयलाई ब्रेक गरेपछि बजारले २८ सयको विन्दुलाई परिक्षण गर्ने छ',
111017,"ग्लोबल आइएमई लघुवित्त नाफामा उल्लेख्य वृद्धि, कसरी?",
111013,नेको इन्स्योरेन्सको शेयर मूल्य समायोजन,
110970,ब्रोकर कम्पनीमा शेयरधनी हुने बित्तिकै कुनै पनि कम्पनीमा सञ्चालक हुन नपाउने व्यवस्था खारेज गर्न  माग,
111006,"नाफा आए लगानी आउँछ, शेयर बजारमा नाफा कमाउने अवसर छ",
111001,"तीन दिनको गिरावट पछि नेप्सेमा सुधार, कारोबार रकम पनि बढ्यो",
110990,प्रि ओपन सेसन अपडेटः करिब २ अंक बढ्यो नेप्से,
110978,"विगत तीन कारोबार दिनमा नेप्से ३२ अंकले घट्यो, टप १० ब्रोकरमध्ये ६ ब्रोकरले शेयर बेचे",
110969,हाईड्रोपावरमा पैसा कसरी आएको छ ?,
110967,माहुली लघुवित्तको एफपीओ शेयर सूचीकृत,
110965,"निरन्तर तेस्रो कारोबार दिन घट्यो नेप्से, वित्त उपसमूहको परिसूचक भने सर्वाधिक बढ्यो",
110954,प्रि ओपन सेसन अपडेटः साढे १ अंक घट्यो नेप्से,
110939,"आउने ६ महिनामा १० जलविद्युत कम्पनीको लकिङ खुल्दै, संस्थापकको १० करोड कित्ता दोस्रो बजारमा आउने",
110940,शेयर बजारमा 'रिक्स' र 'रिवार्ड' दुवैमा ख्याल गर्नुपर्छ,
110934,"नेप्सेले दियो गिरावटलाई निरन्तरता, कारोबार रकम भने बढ्यो",
110919,प्रि ओपन सेसन अपडेटः करिब साढे २ अंक बढ्यो नेप्से,
110910,"गत साता साढे २ प्रतिशत बढेको नेप्से, यस साता के होला?",
110892,"‘पर्ख र हेर’ को अवस्थामा नबिल बैंक, हेरौँ कम्पनी विश्लेषण",
110890,'बजारले बुल निर्धारण गर्दा सरकारकाे तर्फबाट ब्रेक लगाउने काम भएकाे छ',
110875,"सातामा साढे २ प्रतिशत बढ्यो नेप्से, कुन उपसमूहको परिसूचक कति बढ्यो?",
